description,domain,response,model_type,term,test,statistic,df1,df2,n,estimate,units,pct_change,ci_low,ci_high,p_value,qualitative,source_script,source_artifact
"Confirmatory / exploratory testing: a priori (confirmatory) — color_dscale : treatment:day [a priori (raw) / exploratory (BH), reported p]",Confirmatory / exploratory testing,a priori (confirmatory),a priori (raw) / exploratory (BH),color_dscale : treatment:day,reported p,0,NA,NA,NA,0,"p (raw if a priori, BH if exploratory)",NA,NA,NA,0,a priori (confirmatory); significant (rationale: Hoegh-Guldberg 1999 (heat-driven paling)),code/sensitivity/28_multiple_testing.R,output/tables/28_multiple_testing.csv
"Confirmatory / exploratory testing: a priori (confirmatory) — growth_pct : treatment (tank permutation) [a priori (raw) / exploratory (BH), reported p]",Confirmatory / exploratory testing,a priori (confirmatory),a priori (raw) / exploratory (BH),growth_pct : treatment (tank permutation),reported p,0.0571,NA,NA,NA,0.0571,"p (raw if a priori, BH if exploratory)",NA,NA,NA,0.0571,a priori (confirmatory); n.s. (rationale: Jokiel & Coles 1977 (heat reduces calcification); tank-level permutation p),code/sensitivity/28_multiple_testing.R,output/tables/28_multiple_testing.csv
"Confirmatory / exploratory testing: a priori (confirmatory) — log_zoox_density : treatment:biopsy_day_c [a priori (raw) / exploratory (BH), reported p]",Confirmatory / exploratory testing,a priori (confirmatory),a priori (raw) / exploratory (BH),log_zoox_density : treatment:biopsy_day_c,reported p,0,NA,NA,NA,0,"p (raw if a priori, BH if exploratory)",NA,NA,NA,0,a priori (confirmatory); significant (rationale: Hoegh-Guldberg 1999; Jokiel & Coles 1990 (symbiont loss)),code/sensitivity/28_multiple_testing.R,output/tables/28_multiple_testing.csv
"Confirmatory / exploratory testing: a priori (confirmatory) — morph:tip_exist : treatment [a priori (raw) / exploratory (BH), reported p]",Confirmatory / exploratory testing,a priori (confirmatory),a priori (raw) / exploratory (BH),morph:tip_exist : treatment,reported p,0.8822,NA,NA,NA,0.8822,"p (raw if a priori, BH if exploratory)",NA,NA,NA,0.8822,a priori (confirmatory); n.s. (rationale: central hypothesis: heat impairs tip regeneration),code/sensitivity/28_multiple_testing.R,output/tables/28_multiple_testing.csv
"Confirmatory / exploratory testing: a priori (confirmatory) — morph:tip_extension : treatment [a priori (raw) / exploratory (BH), reported p]",Confirmatory / exploratory testing,a priori (confirmatory),a priori (raw) / exploratory (BH),morph:tip_extension : treatment,reported p,0.2023,NA,NA,NA,0.2023,"p (raw if a priori, BH if exploratory)",NA,NA,NA,0.2023,a priori (confirmatory); n.s. (rationale: central hypothesis: heat impairs tip regeneration),code/sensitivity/28_multiple_testing.R,output/tables/28_multiple_testing.csv
"Confirmatory / exploratory testing: a priori (confirmatory) — pam_fvfm : treatment:day [a priori (raw) / exploratory (BH), reported p]",Confirmatory / exploratory testing,a priori (confirmatory),a priori (raw) / exploratory (BH),pam_fvfm : treatment:day,reported p,0,NA,NA,NA,0,"p (raw if a priori, BH if exploratory)",NA,NA,NA,0,a priori (confirmatory); significant (rationale: Warner et al. 1999 (heat lowers Fv/Fm)),code/sensitivity/28_multiple_testing.R,output/tables/28_multiple_testing.csv
"Confirmatory / exploratory testing: a priori (confirmatory) — survival_interval:new_corallites_on_tip : 31C vs 28C [a priori (raw) / exploratory (BH), reported p]",Confirmatory / exploratory testing,a priori (confirmatory),a priori (raw) / exploratory (BH),survival_interval:new_corallites_on_tip : 31C vs 28C,reported p,0,NA,NA,NA,0,"p (raw if a priori, BH if exploratory)",NA,NA,NA,0,a priori (confirmatory); significant (rationale: central hypothesis: heat delays/prevents tip regeneration),code/sensitivity/28_multiple_testing.R,output/tables/28_multiple_testing.csv
"Confirmatory / exploratory testing: a priori (confirmatory) — survival_interval:tip_exist : 31C vs 28C [a priori (raw) / exploratory (BH), reported p]",Confirmatory / exploratory testing,a priori (confirmatory),a priori (raw) / exploratory (BH),survival_interval:tip_exist : 31C vs 28C,reported p,0.0356,NA,NA,NA,0.0356,"p (raw if a priori, BH if exploratory)",NA,NA,NA,0.0356,a priori (confirmatory); significant (rationale: central hypothesis: heat delays/prevents tip regeneration),code/sensitivity/28_multiple_testing.R,output/tables/28_multiple_testing.csv
"Confirmatory / exploratory testing: a priori (confirmatory) — survival_interval:tip_extension : 31C vs 28C [a priori (raw) / exploratory (BH), reported p]",Confirmatory / exploratory testing,a priori (confirmatory),a priori (raw) / exploratory (BH),survival_interval:tip_extension : 31C vs 28C,reported p,0.1803,NA,NA,NA,0.1803,"p (raw if a priori, BH if exploratory)",NA,NA,NA,0.1803,a priori (confirmatory); n.s. (rationale: central hypothesis: heat delays/prevents tip regeneration),code/sensitivity/28_multiple_testing.R,output/tables/28_multiple_testing.csv
"Confirmatory / exploratory testing: exploratory — morph:pigment_over_wound : treatment [a priori (raw) / exploratory (BH), reported p]",Confirmatory / exploratory testing,exploratory,a priori (raw) / exploratory (BH),morph:pigment_over_wound : treatment,reported p,0.7401,NA,NA,NA,0.7401,"p (raw if a priori, BH if exploratory)",NA,NA,NA,0.6474,exploratory; n.s. (rationale: no a-priori prediction for this closure/incidental trait),code/sensitivity/28_multiple_testing.R,output/tables/28_multiple_testing.csv
"Confirmatory / exploratory testing: exploratory — morph:polyps_out : treatment [a priori (raw) / exploratory (BH), reported p]",Confirmatory / exploratory testing,exploratory,a priori (raw) / exploratory (BH),morph:polyps_out : treatment,reported p,0.7401,NA,NA,NA,0.7401,"p (raw if a priori, BH if exploratory)",NA,NA,NA,0.573,exploratory; n.s. (rationale: no a-priori prediction for this closure/incidental trait),code/sensitivity/28_multiple_testing.R,output/tables/28_multiple_testing.csv
"Confirmatory / exploratory testing: exploratory — survival_interval:axial_polyp_formation : 31C vs 28C [a priori (raw) / exploratory (BH), reported p]",Confirmatory / exploratory testing,exploratory,a priori (raw) / exploratory (BH),survival_interval:axial_polyp_formation : 31C vs 28C,reported p,0.7401,NA,NA,NA,0.7401,"p (raw if a priori, BH if exploratory)",NA,NA,NA,0.4545,exploratory; n.s. (rationale: no a-priori prediction for this closure milestone),code/sensitivity/28_multiple_testing.R,output/tables/28_multiple_testing.csv
"Confirmatory / exploratory testing: exploratory — survival_interval:pigment_over_wound : 31C vs 28C [a priori (raw) / exploratory (BH), reported p]",Confirmatory / exploratory testing,exploratory,a priori (raw) / exploratory (BH),survival_interval:pigment_over_wound : 31C vs 28C,reported p,0.7401,NA,NA,NA,0.7401,"p (raw if a priori, BH if exploratory)",NA,NA,NA,0.7401,exploratory; n.s. (rationale: no a-priori prediction for this closure milestone),code/sensitivity/28_multiple_testing.R,output/tables/28_multiple_testing.csv
"Confirmatory / exploratory testing: exploratory — survival_interval:wound_smoothed : 31C vs 28C [a priori (raw) / exploratory (BH), reported p]",Confirmatory / exploratory testing,exploratory,a priori (raw) / exploratory (BH),survival_interval:wound_smoothed : 31C vs 28C,reported p,0.1121,NA,NA,NA,0.1121,"p (raw if a priori, BH if exploratory)",NA,NA,NA,0.0224,exploratory; n.s. (rationale: no a-priori prediction for this closure milestone),code/sensitivity/28_multiple_testing.R,output/tables/28_multiple_testing.csv
"Genet resilience: Composite heat sensitivity across responses — genet=a [row-max standardized composite, mean standardized sensitivity]",Genet resilience,Composite heat sensitivity across responses,row-max standardized composite,genet=a,mean standardized sensitivity,0.5649,NA,NA,9,0.5649,standardized sensitivity,NA,1,3.7098,NA,"Genet a: mean sensitivity 0.56, median 1.00, PCA displacement 3.71, rank 3",code/19_genet_dashboard.R,output/tables/19_genet_resilience_summary.csv
"Genet resilience: Composite heat sensitivity across responses — genet=c [row-max standardized composite, mean standardized sensitivity]",Genet resilience,Composite heat sensitivity across responses,row-max standardized composite,genet=c,mean standardized sensitivity,0.0069,NA,NA,10,0.0069,standardized sensitivity,NA,0.0998,1.0223,NA,"Genet c: mean sensitivity 0.01, median 0.10, PCA displacement 1.02, rank 1",code/19_genet_dashboard.R,output/tables/19_genet_resilience_summary.csv
"Genet resilience: Composite heat sensitivity across responses — genet=d [row-max standardized composite, mean standardized sensitivity]",Genet resilience,Composite heat sensitivity across responses,row-max standardized composite,genet=d,mean standardized sensitivity,0.4295,NA,NA,10,0.4295,standardized sensitivity,NA,0.879,3.3817,NA,"Genet d: mean sensitivity 0.43, median 0.88, PCA displacement 3.38, rank 2",code/19_genet_dashboard.R,output/tables/19_genet_resilience_summary.csv
"Genet resilience: Composite heat sensitivity by scope — genet=a; heat only (unwounded) [row-max standardized composite, mean standardized sensitivity]",Genet resilience,Composite heat sensitivity by scope,row-max standardized composite,genet=a; heat only (unwounded),mean standardized sensitivity,0.988,NA,NA,4,0.988,standardized sensitivity,NA,NA,NA,NA,"Genet a, heat only (unwounded): mean sensitivity 0.99 across 4 responses",code/19_genet_dashboard.R,output/tables/19c_resilience_decomp_by_scope.csv
"Genet resilience: Composite heat sensitivity by scope — genet=a; heat while wounded [row-max standardized composite, mean standardized sensitivity]",Genet resilience,Composite heat sensitivity by scope,row-max standardized composite,genet=a; heat while wounded,mean standardized sensitivity,0.5603,NA,NA,9,0.5603,standardized sensitivity,NA,NA,NA,NA,"Genet a, heat while wounded: mean sensitivity 0.56 across 9 responses",code/19_genet_dashboard.R,output/tables/19c_resilience_decomp_by_scope.csv
"Genet resilience: Composite heat sensitivity by scope — genet=c; heat only (unwounded) [row-max standardized composite, mean standardized sensitivity]",Genet resilience,Composite heat sensitivity by scope,row-max standardized composite,genet=c; heat only (unwounded),mean standardized sensitivity,0.428,NA,NA,4,0.428,standardized sensitivity,NA,NA,NA,NA,"Genet c, heat only (unwounded): mean sensitivity 0.43 across 4 responses",code/19_genet_dashboard.R,output/tables/19c_resilience_decomp_by_scope.csv
"Genet resilience: Composite heat sensitivity by scope — genet=c; heat while wounded [row-max standardized composite, mean standardized sensitivity]",Genet resilience,Composite heat sensitivity by scope,row-max standardized composite,genet=c; heat while wounded,mean standardized sensitivity,-0.0459,NA,NA,10,-0.0459,standardized sensitivity,NA,NA,NA,NA,"Genet c, heat while wounded: mean sensitivity -0.05 across 10 responses",code/19_genet_dashboard.R,output/tables/19c_resilience_decomp_by_scope.csv
"Genet resilience: Composite heat sensitivity by scope — genet=d; heat only (unwounded) [row-max standardized composite, mean standardized sensitivity]",Genet resilience,Composite heat sensitivity by scope,row-max standardized composite,genet=d; heat only (unwounded),mean standardized sensitivity,0.8994,NA,NA,4,0.8994,standardized sensitivity,NA,NA,NA,NA,"Genet d, heat only (unwounded): mean sensitivity 0.90 across 4 responses",code/19_genet_dashboard.R,output/tables/19c_resilience_decomp_by_scope.csv
"Genet resilience: Composite heat sensitivity by scope — genet=d; heat while wounded [row-max standardized composite, mean standardized sensitivity]",Genet resilience,Composite heat sensitivity by scope,row-max standardized composite,genet=d; heat while wounded,mean standardized sensitivity,0.4379,NA,NA,10,0.4379,standardized sensitivity,NA,NA,NA,NA,"Genet d, heat while wounded: mean sensitivity 0.44 across 10 responses",code/19_genet_dashboard.R,output/tables/19c_resilience_decomp_by_scope.csv
"Healing milestone lag: axial_polyp_formation -> new_corallites_on_tip — 28C (n closed=12, reached both=12) [event timing, median lag (days)]",Healing milestone lag,axial_polyp_formation -> new_corallites_on_tip,event timing,"28C (n closed=12, reached both=12)",median lag (days),9,NA,NA,12,9,days,0,8,9,NA,28C: 0% closed but never regenerated; median lag 9 d,code/14_morphology_kaplan.R,output/tables/14_milestone_lag_summary.csv
"Healing milestone lag: axial_polyp_formation -> new_corallites_on_tip — 31C (n closed=12, reached both=4) [event timing, median lag (days)]",Healing milestone lag,axial_polyp_formation -> new_corallites_on_tip,event timing,"31C (n closed=12, reached both=4)",median lag (days),11,NA,NA,4,11,days,66.7,10.5,11,NA,31C: 67% closed but never regenerated; median lag 11 d,code/14_morphology_kaplan.R,output/tables/14_milestone_lag_summary.csv
"Healing milestone lag: wound_smoothed -> new_corallites_on_tip — 28C (n closed=12, reached both=12) [event timing, median lag (days)]",Healing milestone lag,wound_smoothed -> new_corallites_on_tip,event timing,"28C (n closed=12, reached both=12)",median lag (days),8,NA,NA,12,8,days,0,7.5,8.25,NA,28C: 0% closed but never regenerated; median lag 8 d,code/14_morphology_kaplan.R,output/tables/14_milestone_lag_summary.csv
"Healing milestone lag: wound_smoothed -> new_corallites_on_tip — 31C (n closed=12, reached both=4) [event timing, median lag (days)]",Healing milestone lag,wound_smoothed -> new_corallites_on_tip,event timing,"31C (n closed=12, reached both=4)",median lag (days),10,NA,NA,4,10,days,66.7,9.5,10,NA,31C: 67% closed but never regenerated; median lag 10 d,code/14_morphology_kaplan.R,output/tables/14_milestone_lag_summary.csv
"Healing milestone lag: wound_smoothed -> tip_extension — 28C (n closed=12, reached both=11) [event timing, median lag (days)]",Healing milestone lag,wound_smoothed -> tip_extension,event timing,"28C (n closed=12, reached both=11)",median lag (days),4,NA,NA,11,4,days,8.3,3,4,NA,28C: 8% closed but never regenerated; median lag 4 d,code/14_morphology_kaplan.R,output/tables/14_milestone_lag_summary.csv
"Healing milestone lag: wound_smoothed -> tip_extension — 31C (n closed=12, reached both=11) [event timing, median lag (days)]",Healing milestone lag,wound_smoothed -> tip_extension,event timing,"31C (n closed=12, reached both=11)",median lag (days),4,NA,NA,11,4,days,8.3,4,5,NA,31C: 8% closed but never regenerated; median lag 4 d,code/14_morphology_kaplan.R,output/tables/14_milestone_lag_summary.csv
"Microscope morphology: Axial polyp formation — endpoint D15: 31C - 28C [photo-only endpoint Fisher exact, Fisher exact]",Microscope morphology,Axial polyp formation,photo-only endpoint Fisher exact,endpoint D15: 31C - 28C,Fisher exact,NA,1,NA,16,0,proportion difference,NA,NA,NA,1,Microscope endpoint: 8/8 at 28C vs 8/8 at 31C (risk diff=+0.00; exploratory),code/11_microscope_physio.R,output/tables/11_microscope_event_tests.csv
"Microscope morphology: Axial polyp formation — log-rank: 31C vs 28C [photo-only first-observed timing, log-rank chi-sq]",Microscope morphology,Axial polyp formation,photo-only first-observed timing,log-rank: 31C vs 28C,log-rank chi-sq,1,1,NA,16,NA,NA,NA,NA,NA,0.3173,Microscope first-observed timing for axial_polyp_formation (exploratory log-rank p=0.317),code/11_microscope_physio.R,output/tables/11_microscope_event_tests.csv
"Microscope morphology: New corallites on tip — endpoint D15: 31C - 28C [photo-only endpoint Fisher exact, Fisher exact]",Microscope morphology,New corallites on tip,photo-only endpoint Fisher exact,endpoint D15: 31C - 28C,Fisher exact,NA,1,NA,16,-0.75,proportion difference,NA,NA,NA,0.007,Microscope endpoint: 8/8 at 28C vs 2/8 at 31C (risk diff=-0.75; exploratory),code/11_microscope_physio.R,output/tables/11_microscope_event_tests.csv
"Microscope morphology: New corallites on tip — log-rank: 31C vs 28C [photo-only first-observed timing, log-rank chi-sq]",Microscope morphology,New corallites on tip,photo-only first-observed timing,log-rank: 31C vs 28C,log-rank chi-sq,11.449,1,NA,16,NA,NA,NA,NA,NA,7e-4,Microscope first-observed timing for new_corallites_on_tip (exploratory log-rank p=<0.001),code/11_microscope_physio.R,output/tables/11_microscope_event_tests.csv
"Microscope morphology: Pigment over wound — endpoint D7: 31C - 28C [photo-only endpoint Fisher exact, Fisher exact]",Microscope morphology,Pigment over wound,photo-only endpoint Fisher exact,endpoint D7: 31C - 28C,Fisher exact,NA,1,NA,16,0,proportion difference,NA,NA,NA,1,Microscope endpoint: 2/8 at 28C vs 2/8 at 31C (risk diff=+0.00; exploratory),code/11_microscope_physio.R,output/tables/11_microscope_event_tests.csv
"Microscope morphology: Pigment over wound — log-rank: 31C vs 28C [photo-only first-observed timing, log-rank chi-sq]",Microscope morphology,Pigment over wound,photo-only first-observed timing,log-rank: 31C vs 28C,log-rank chi-sq,0.0206,1,NA,16,NA,NA,NA,NA,NA,0.8858,Microscope first-observed timing for pigment_over_wound (exploratory log-rank p=0.886),code/11_microscope_physio.R,output/tables/11_microscope_event_tests.csv
"Microscope morphology: Tip exists — endpoint D15: 31C - 28C [photo-only endpoint Fisher exact, Fisher exact]",Microscope morphology,Tip exists,photo-only endpoint Fisher exact,endpoint D15: 31C - 28C,Fisher exact,NA,1,NA,16,0,proportion difference,NA,NA,NA,1,Microscope endpoint: 8/8 at 28C vs 8/8 at 31C (risk diff=+0.00; exploratory),code/11_microscope_physio.R,output/tables/11_microscope_event_tests.csv
"Microscope morphology: Tip exists — log-rank: 31C vs 28C [photo-only first-observed timing, log-rank chi-sq]",Microscope morphology,Tip exists,photo-only first-observed timing,log-rank: 31C vs 28C,log-rank chi-sq,0.1466,1,NA,16,NA,NA,NA,NA,NA,0.7018,Microscope first-observed timing for tip_exist (exploratory log-rank p=0.702),code/11_microscope_physio.R,output/tables/11_microscope_event_tests.csv
"Microscope morphology: Tip extension — endpoint D15: 31C - 28C [photo-only endpoint Fisher exact, Fisher exact]",Microscope morphology,Tip extension,photo-only endpoint Fisher exact,endpoint D15: 31C - 28C,Fisher exact,NA,1,NA,16,0,proportion difference,NA,NA,NA,1,Microscope endpoint: 8/8 at 28C vs 8/8 at 31C (risk diff=+0.00; exploratory),code/11_microscope_physio.R,output/tables/11_microscope_event_tests.csv
"Microscope morphology: Tip extension — log-rank: 31C vs 28C [photo-only first-observed timing, log-rank chi-sq]",Microscope morphology,Tip extension,photo-only first-observed timing,log-rank: 31C vs 28C,log-rank chi-sq,2.0709,1,NA,16,NA,NA,NA,NA,NA,0.1501,Microscope first-observed timing for tip_extension (exploratory log-rank p=0.150),code/11_microscope_physio.R,output/tables/11_microscope_event_tests.csv
"Microscope morphology: Tissue over wound — endpoint D15: 31C - 28C [photo-only endpoint Fisher exact, Fisher exact]",Microscope morphology,Tissue over wound,photo-only endpoint Fisher exact,endpoint D15: 31C - 28C,Fisher exact,NA,1,NA,16,0,proportion difference,NA,NA,NA,1,Microscope endpoint: 8/8 at 28C vs 8/8 at 31C (risk diff=+0.00; exploratory),code/11_microscope_physio.R,output/tables/11_microscope_event_tests.csv
"Microscope morphology: Tissue over wound — log-rank: 31C vs 28C [photo-only first-observed timing, log-rank chi-sq]",Microscope morphology,Tissue over wound,photo-only first-observed timing,log-rank: 31C vs 28C,log-rank chi-sq,2.1429,1,NA,16,NA,NA,NA,NA,NA,0.1432,Microscope first-observed timing for tissue_over_wound (exploratory log-rank p=0.143),code/11_microscope_physio.R,output/tables/11_microscope_event_tests.csv
"Microscope morphology: Wound smoothed — endpoint D15: 31C - 28C [photo-only endpoint Fisher exact, Fisher exact]",Microscope morphology,Wound smoothed,photo-only endpoint Fisher exact,endpoint D15: 31C - 28C,Fisher exact,NA,1,NA,16,0,proportion difference,NA,NA,NA,1,Microscope endpoint: 8/8 at 28C vs 8/8 at 31C (risk diff=+0.00; exploratory),code/11_microscope_physio.R,output/tables/11_microscope_event_tests.csv
"Microscope morphology: Wound smoothed — log-rank: 31C vs 28C [photo-only first-observed timing, log-rank chi-sq]",Microscope morphology,Wound smoothed,photo-only first-observed timing,log-rank: 31C vs 28C,log-rank chi-sq,0,1,NA,16,NA,NA,NA,NA,NA,1,Microscope first-observed timing for wound_smoothed (exploratory log-rank p=1.000),code/11_microscope_physio.R,output/tables/11_microscope_event_tests.csv
"Morphology: Hole in center — 28C - 31C at day 10 [GLMM contrast (prob scale), delta probability]",Morphology,Hole in center,GLMM contrast (prob scale),28C - 31C at day 10,delta probability,0,NA,NA,NA,0,probability,0,NA,NA,NA,P(28C)=1.00 vs P(31C)=1.00; OR(31vs28)=NA,code/sensitivity/29_morphology_prob_contrasts.R,output/tables/29_morphology_prob_contrasts.csv
"Morphology: New corallites on tip — 28C - 31C at day 10 [GLMM contrast (prob scale), delta probability]",Morphology,New corallites on tip,GLMM contrast (prob scale),28C - 31C at day 10,delta probability,0,NA,NA,NA,0,probability,0,NA,NA,NA,P(28C)=0.00 vs P(31C)=0.00; OR(31vs28)=NA,code/sensitivity/29_morphology_prob_contrasts.R,output/tables/29_morphology_prob_contrasts.csv
"Morphology: Pigment over wound — day_z [GLMM (binomial, blme Cauchy(0,2.5)), Wald chi-sq]",Morphology,Pigment over wound,"GLMM (binomial, blme Cauchy(0,2.5))",day_z,Wald chi-sq,0.0813,1,NA,NA,NA,NA,NA,NA,NA,0.7755,day_z effect on pigment_over_wound (n.s.),code/12_models.R,output/tables/12c_morph_blme_anova.csv
"Morphology: Pigment over wound — day_z:thicket [GLMM (binomial, blme Cauchy(0,2.5)), Wald chi-sq]",Morphology,Pigment over wound,"GLMM (binomial, blme Cauchy(0,2.5))",day_z:thicket,Wald chi-sq,4.7116,2,NA,NA,NA,NA,NA,NA,NA,0.0948,day_z:thicket effect on pigment_over_wound (n.s.),code/12_models.R,output/tables/12c_morph_blme_anova.csv
"Morphology: Pigment over wound — fixed: day_z [GLMM (binomial, blme Cauchy(0,2.5)), Wald z]",Morphology,Pigment over wound,"GLMM (binomial, blme Cauchy(0,2.5))",fixed: day_z,Wald z,-0.302,NA,NA,NA,-0.2461,log-odds,-21.8169,-1.8432,1.351,0.7626,"fixed: day_z: OR=0.78 (n.s., blme penalized)",code/12_models.R,output/tables/12c_morph_blme_fixed_effects.csv
"Morphology: Pigment over wound — fixed: day_z:thicket2 [GLMM (binomial, blme Cauchy(0,2.5)), Wald z]",Morphology,Pigment over wound,"GLMM (binomial, blme Cauchy(0,2.5))",fixed: day_z:thicket2,Wald z,2.1681,NA,NA,NA,3.3046,log-odds,2623.7476,0.3172,6.292,0.0301,"fixed: day_z:thicket2: OR=27.24 (sig, blme penalized)",code/12_models.R,output/tables/12c_morph_blme_fixed_effects.csv
"Morphology: Pigment over wound — fixed: day_z:thicket3 [GLMM (binomial, blme Cauchy(0,2.5)), Wald z]",Morphology,Pigment over wound,"GLMM (binomial, blme Cauchy(0,2.5))",fixed: day_z:thicket3,Wald z,-0.9824,NA,NA,NA,-1.072,log-odds,-65.7684,-3.2107,1.0667,0.3259,"fixed: day_z:thicket3: OR=0.34 (n.s., blme penalized)",code/12_models.R,output/tables/12c_morph_blme_fixed_effects.csv
"Morphology: Pigment over wound — fixed: thicket2 [GLMM (binomial, blme Cauchy(0,2.5)), Wald z]",Morphology,Pigment over wound,"GLMM (binomial, blme Cauchy(0,2.5))",fixed: thicket2,Wald z,-0.6957,NA,NA,NA,-0.6731,log-odds,-48.9878,-2.5696,1.2234,0.4866,"fixed: thicket2: OR=0.51 (n.s., blme penalized)",code/12_models.R,output/tables/12c_morph_blme_fixed_effects.csv
"Morphology: Pigment over wound — fixed: thicket3 [GLMM (binomial, blme Cauchy(0,2.5)), Wald z]",Morphology,Pigment over wound,"GLMM (binomial, blme Cauchy(0,2.5))",fixed: thicket3,Wald z,-0.1384,NA,NA,NA,-0.1313,log-odds,-12.3077,-1.9907,1.7281,0.8899,"fixed: thicket3: OR=0.88 (n.s., blme penalized)",code/12_models.R,output/tables/12c_morph_blme_fixed_effects.csv
"Morphology: Pigment over wound — fixed: treatment2 [GLMM (binomial, blme Cauchy(0,2.5)), Wald z]",Morphology,Pigment over wound,"GLMM (binomial, blme Cauchy(0,2.5))",fixed: treatment2,Wald z,-0.1473,NA,NA,NA,-0.1416,log-odds,-13.2069,-2.0266,1.7433,0.8829,"fixed: treatment2: OR=0.87 (n.s., blme penalized)",code/12_models.R,output/tables/12c_morph_blme_fixed_effects.csv
"Morphology: Pigment over wound — fixed: treatment2:day_z [GLMM (binomial, blme Cauchy(0,2.5)), Wald z]",Morphology,Pigment over wound,"GLMM (binomial, blme Cauchy(0,2.5))",fixed: treatment2:day_z,Wald z,-0.4234,NA,NA,NA,-0.4207,log-odds,-34.3442,-2.3683,1.5268,0.672,"fixed: treatment2:day_z: OR=0.66 (n.s., blme penalized)",code/12_models.R,output/tables/12c_morph_blme_fixed_effects.csv
"Morphology: Pigment over wound — fixed: treatment2:day_z:thicket2 [GLMM (binomial, blme Cauchy(0,2.5)), Wald z]",Morphology,Pigment over wound,"GLMM (binomial, blme Cauchy(0,2.5))",fixed: treatment2:day_z:thicket2,Wald z,1.2626,NA,NA,NA,1.8455,log-odds,533.1508,-1.0195,4.7105,0.2067,"fixed: treatment2:day_z:thicket2: OR=6.33 (n.s., blme penalized)",code/12_models.R,output/tables/12c_morph_blme_fixed_effects.csv
"Morphology: Pigment over wound — fixed: treatment2:day_z:thicket3 [GLMM (binomial, blme Cauchy(0,2.5)), Wald z]",Morphology,Pigment over wound,"GLMM (binomial, blme Cauchy(0,2.5))",fixed: treatment2:day_z:thicket3,Wald z,0.3123,NA,NA,NA,0.4475,log-odds,56.4318,-2.3609,3.2558,0.7548,"fixed: treatment2:day_z:thicket3: OR=1.56 (n.s., blme penalized)",code/12_models.R,output/tables/12c_morph_blme_fixed_effects.csv
"Morphology: Pigment over wound — fixed: treatment2:thicket2 [GLMM (binomial, blme Cauchy(0,2.5)), Wald z]",Morphology,Pigment over wound,"GLMM (binomial, blme Cauchy(0,2.5))",fixed: treatment2:thicket2,Wald z,-0.2347,NA,NA,NA,-0.2881,log-odds,-25.0283,-2.6939,2.1178,0.8145,"fixed: treatment2:thicket2: OR=0.75 (n.s., blme penalized)",code/12_models.R,output/tables/12c_morph_blme_fixed_effects.csv
"Morphology: Pigment over wound — fixed: treatment2:thicket3 [GLMM (binomial, blme Cauchy(0,2.5)), Wald z]",Morphology,Pigment over wound,"GLMM (binomial, blme Cauchy(0,2.5))",fixed: treatment2:thicket3,Wald z,-1.1249,NA,NA,NA,-1.5516,log-odds,-78.8093,-4.2551,1.1519,0.2606,"fixed: treatment2:thicket3: OR=0.21 (n.s., blme penalized)",code/12_models.R,output/tables/12c_morph_blme_fixed_effects.csv
"Morphology: Pigment over wound — thicket [GLMM (binomial, blme Cauchy(0,2.5)), Wald chi-sq]",Morphology,Pigment over wound,"GLMM (binomial, blme Cauchy(0,2.5))",thicket,Wald chi-sq,1.1586,2,NA,NA,NA,NA,NA,NA,NA,0.5603,thicket effect on pigment_over_wound (n.s.),code/12_models.R,output/tables/12c_morph_blme_anova.csv
"Morphology: Pigment over wound — treatment [GLMM (binomial, blme Cauchy(0,2.5)), Wald chi-sq]",Morphology,Pigment over wound,"GLMM (binomial, blme Cauchy(0,2.5))",treatment,Wald chi-sq,0.2092,1,NA,NA,NA,NA,NA,NA,NA,0.6474,treatment effect on pigment_over_wound (n.s.),code/12_models.R,output/tables/12c_morph_blme_anova.csv
"Morphology: Pigment over wound — treatment:day_z [GLMM (binomial, blme Cauchy(0,2.5)), Wald chi-sq]",Morphology,Pigment over wound,"GLMM (binomial, blme Cauchy(0,2.5))",treatment:day_z,Wald chi-sq,0.001,1,NA,NA,NA,NA,NA,NA,NA,0.9746,treatment:day_z effect on pigment_over_wound (n.s.),code/12_models.R,output/tables/12c_morph_blme_anova.csv
"Morphology: Pigment over wound — treatment:day_z:thicket [GLMM (binomial, blme Cauchy(0,2.5)), Wald chi-sq]",Morphology,Pigment over wound,"GLMM (binomial, blme Cauchy(0,2.5))",treatment:day_z:thicket,Wald chi-sq,1.6281,2,NA,NA,NA,NA,NA,NA,NA,0.443,treatment:day_z:thicket effect on pigment_over_wound (n.s.),code/12_models.R,output/tables/12c_morph_blme_anova.csv
"Morphology: Pigment over wound — treatment:thicket [GLMM (binomial, blme Cauchy(0,2.5)), Wald chi-sq]",Morphology,Pigment over wound,"GLMM (binomial, blme Cauchy(0,2.5))",treatment:thicket,Wald chi-sq,1.0106,2,NA,NA,NA,NA,NA,NA,NA,0.6033,treatment:thicket effect on pigment_over_wound (n.s.),code/12_models.R,output/tables/12c_morph_blme_anova.csv
"Morphology: Pigment over wound — 28C - 31C at day 10 [GLMM contrast (prob scale), delta probability]",Morphology,Pigment over wound,GLMM contrast (prob scale),28C - 31C at day 10,delta probability,0.0139,NA,NA,NA,0.0139,probability,1.39,NA,NA,0.3796,P(28C)=0.03 vs P(31C)=0.01; OR(31vs28)=0.47,code/sensitivity/29_morphology_prob_contrasts.R,output/tables/29_morphology_prob_contrasts.csv
"Morphology: Polyps out — day_z [GLMM (binomial, blme Cauchy(0,2.5)), Wald chi-sq]",Morphology,Polyps out,"GLMM (binomial, blme Cauchy(0,2.5))",day_z,Wald chi-sq,0.0116,1,NA,NA,NA,NA,NA,NA,NA,0.9142,day_z effect on polyps_out (n.s.),code/12_models.R,output/tables/12c_morph_blme_anova.csv
"Morphology: Polyps out — day_z:thicket [GLMM (binomial, blme Cauchy(0,2.5)), Wald chi-sq]",Morphology,Polyps out,"GLMM (binomial, blme Cauchy(0,2.5))",day_z:thicket,Wald chi-sq,2.6794,2,NA,NA,NA,NA,NA,NA,NA,0.2619,day_z:thicket effect on polyps_out (n.s.),code/12_models.R,output/tables/12c_morph_blme_anova.csv
"Morphology: Polyps out — fixed: day_z [GLMM (binomial, blme Cauchy(0,2.5)), Wald z]",Morphology,Polyps out,"GLMM (binomial, blme Cauchy(0,2.5))",fixed: day_z,Wald z,0.828,NA,NA,NA,0.4138,log-odds,51.2528,-0.5657,1.3932,0.4077,"fixed: day_z: OR=1.51 (n.s., blme penalized)",code/12_models.R,output/tables/12c_morph_blme_fixed_effects.csv
"Morphology: Polyps out — fixed: day_z:thicket2 [GLMM (binomial, blme Cauchy(0,2.5)), Wald z]",Morphology,Polyps out,"GLMM (binomial, blme Cauchy(0,2.5))",fixed: day_z:thicket2,Wald z,1.3324,NA,NA,NA,0.9144,log-odds,149.5173,-0.4307,2.2594,0.1827,"fixed: day_z:thicket2: OR=2.50 (n.s., blme penalized)",code/12_models.R,output/tables/12c_morph_blme_fixed_effects.csv
"Morphology: Polyps out — fixed: day_z:thicket3 [GLMM (binomial, blme Cauchy(0,2.5)), Wald z]",Morphology,Polyps out,"GLMM (binomial, blme Cauchy(0,2.5))",fixed: day_z:thicket3,Wald z,0.6592,NA,NA,NA,0.4259,log-odds,53.0911,-0.8403,1.692,0.5097,"fixed: day_z:thicket3: OR=1.53 (n.s., blme penalized)",code/12_models.R,output/tables/12c_morph_blme_fixed_effects.csv
"Morphology: Polyps out — fixed: thicket2 [GLMM (binomial, blme Cauchy(0,2.5)), Wald z]",Morphology,Polyps out,"GLMM (binomial, blme Cauchy(0,2.5))",fixed: thicket2,Wald z,1.3273,NA,NA,NA,0.6579,log-odds,93.0637,-0.3136,1.6293,0.1844,"fixed: thicket2: OR=1.93 (n.s., blme penalized)",code/12_models.R,output/tables/12c_morph_blme_fixed_effects.csv
"Morphology: Polyps out — fixed: thicket3 [GLMM (binomial, blme Cauchy(0,2.5)), Wald z]",Morphology,Polyps out,"GLMM (binomial, blme Cauchy(0,2.5))",fixed: thicket3,Wald z,0.842,NA,NA,NA,0.3996,log-odds,49.1295,-0.5307,1.3299,0.3998,"fixed: thicket3: OR=1.49 (n.s., blme penalized)",code/12_models.R,output/tables/12c_morph_blme_fixed_effects.csv
"Morphology: Polyps out — fixed: treatment2 [GLMM (binomial, blme Cauchy(0,2.5)), Wald z]",Morphology,Polyps out,"GLMM (binomial, blme Cauchy(0,2.5))",fixed: treatment2,Wald z,-1.1389,NA,NA,NA,-0.6686,log-odds,-48.7559,-1.8192,0.4821,0.2548,"fixed: treatment2: OR=0.51 (n.s., blme penalized)",code/12_models.R,output/tables/12c_morph_blme_fixed_effects.csv
"Morphology: Polyps out — fixed: treatment2:day_z [GLMM (binomial, blme Cauchy(0,2.5)), Wald z]",Morphology,Polyps out,"GLMM (binomial, blme Cauchy(0,2.5))",fixed: treatment2:day_z,Wald z,-1.94,NA,NA,NA,-1.2564,log-odds,-71.5322,-2.5257,0.0129,0.0524,"fixed: treatment2:day_z: OR=0.28 (n.s., blme penalized)",code/12_models.R,output/tables/12c_morph_blme_fixed_effects.csv
"Morphology: Polyps out — fixed: treatment2:day_z:thicket2 [GLMM (binomial, blme Cauchy(0,2.5)), Wald z]",Morphology,Polyps out,"GLMM (binomial, blme Cauchy(0,2.5))",fixed: treatment2:day_z:thicket2,Wald z,0.8125,NA,NA,NA,0.628,log-odds,87.3877,-0.8869,2.1429,0.4165,"fixed: treatment2:day_z:thicket2: OR=1.87 (n.s., blme penalized)",code/12_models.R,output/tables/12c_morph_blme_fixed_effects.csv
"Morphology: Polyps out — fixed: treatment2:day_z:thicket3 [GLMM (binomial, blme Cauchy(0,2.5)), Wald z]",Morphology,Polyps out,"GLMM (binomial, blme Cauchy(0,2.5))",fixed: treatment2:day_z:thicket3,Wald z,-0.1847,NA,NA,NA,-0.1296,log-odds,-12.1573,-1.5055,1.2463,0.8535,"fixed: treatment2:day_z:thicket3: OR=0.88 (n.s., blme penalized)",code/12_models.R,output/tables/12c_morph_blme_fixed_effects.csv
"Morphology: Polyps out — fixed: treatment2:thicket2 [GLMM (binomial, blme Cauchy(0,2.5)), Wald z]",Morphology,Polyps out,"GLMM (binomial, blme Cauchy(0,2.5))",fixed: treatment2:thicket2,Wald z,0.8089,NA,NA,NA,0.4917,log-odds,63.503,-0.6997,1.683,0.4186,"fixed: treatment2:thicket2: OR=1.64 (n.s., blme penalized)",code/12_models.R,output/tables/12c_morph_blme_fixed_effects.csv
"Morphology: Polyps out — fixed: treatment2:thicket3 [GLMM (binomial, blme Cauchy(0,2.5)), Wald z]",Morphology,Polyps out,"GLMM (binomial, blme Cauchy(0,2.5))",fixed: treatment2:thicket3,Wald z,-0.4335,NA,NA,NA,-0.2436,log-odds,-21.6205,-1.345,0.8577,0.6646,"fixed: treatment2:thicket3: OR=0.78 (n.s., blme penalized)",code/12_models.R,output/tables/12c_morph_blme_fixed_effects.csv
"Morphology: Polyps out — thicket [GLMM (binomial, blme Cauchy(0,2.5)), Wald chi-sq]",Morphology,Polyps out,"GLMM (binomial, blme Cauchy(0,2.5))",thicket,Wald chi-sq,3.4833,2,NA,NA,NA,NA,NA,NA,NA,0.1752,thicket effect on polyps_out (n.s.),code/12_models.R,output/tables/12c_morph_blme_anova.csv
"Morphology: Polyps out — treatment [GLMM (binomial, blme Cauchy(0,2.5)), Wald chi-sq]",Morphology,Polyps out,"GLMM (binomial, blme Cauchy(0,2.5))",treatment,Wald chi-sq,0.3177,1,NA,NA,NA,NA,NA,NA,NA,0.573,treatment effect on polyps_out (n.s.),code/12_models.R,output/tables/12c_morph_blme_anova.csv
"Morphology: Polyps out — treatment:day_z [GLMM (binomial, blme Cauchy(0,2.5)), Wald chi-sq]",Morphology,Polyps out,"GLMM (binomial, blme Cauchy(0,2.5))",treatment:day_z,Wald chi-sq,3.6143,1,NA,NA,NA,NA,NA,NA,NA,0.0573,treatment:day_z effect on polyps_out (n.s.),code/12_models.R,output/tables/12c_morph_blme_anova.csv
"Morphology: Polyps out — treatment:day_z:thicket [GLMM (binomial, blme Cauchy(0,2.5)), Wald chi-sq]",Morphology,Polyps out,"GLMM (binomial, blme Cauchy(0,2.5))",treatment:day_z:thicket,Wald chi-sq,0.7245,2,NA,NA,NA,NA,NA,NA,NA,0.6961,treatment:day_z:thicket effect on polyps_out (n.s.),code/12_models.R,output/tables/12c_morph_blme_anova.csv
"Morphology: Polyps out — treatment:thicket [GLMM (binomial, blme Cauchy(0,2.5)), Wald chi-sq]",Morphology,Polyps out,"GLMM (binomial, blme Cauchy(0,2.5))",treatment:thicket,Wald chi-sq,0.8036,2,NA,NA,NA,NA,NA,NA,NA,0.6691,treatment:thicket effect on polyps_out (n.s.),code/12_models.R,output/tables/12c_morph_blme_anova.csv
"Morphology: Polyps out — 28C - 31C at day 10 [GLMM contrast (prob scale), delta probability]",Morphology,Polyps out,GLMM contrast (prob scale),28C - 31C at day 10,delta probability,0.056,NA,NA,NA,0.056,probability,5.6,NA,NA,0.3004,P(28C)=0.92 vs P(31C)=0.86; OR(31vs28)=0.56,code/sensitivity/29_morphology_prob_contrasts.R,output/tables/29_morphology_prob_contrasts.csv
"Morphology: Tip exist — day_z [GLMM (binomial, blme Cauchy(0,2.5)), Wald chi-sq]",Morphology,Tip exist,"GLMM (binomial, blme Cauchy(0,2.5))",day_z,Wald chi-sq,40.9234,1,NA,NA,NA,NA,NA,NA,NA,0,day_z effect on tip_exist (significant),code/12_models.R,output/tables/12c_morph_blme_anova.csv
"Morphology: Tip exist — day_z:thicket [GLMM (binomial, blme Cauchy(0,2.5)), Wald chi-sq]",Morphology,Tip exist,"GLMM (binomial, blme Cauchy(0,2.5))",day_z:thicket,Wald chi-sq,0.6582,2,NA,NA,NA,NA,NA,NA,NA,0.7196,day_z:thicket effect on tip_exist (n.s.),code/12_models.R,output/tables/12c_morph_blme_anova.csv
"Morphology: Tip exist — fixed: day_z [GLMM (binomial, blme Cauchy(0,2.5)), Wald z]",Morphology,Tip exist,"GLMM (binomial, blme Cauchy(0,2.5))",fixed: day_z,Wald z,3.2326,NA,NA,NA,NA,log-odds [residual separation],NA,NA,NA,NA,"fixed: day_z: residual separation after Cauchy(0,2.5) prior — report omnibus chi-sq only",code/12_models.R,output/tables/12c_morph_blme_fixed_effects.csv
"Morphology: Tip exist — fixed: day_z:thicket2 [GLMM (binomial, blme Cauchy(0,2.5)), Wald z]",Morphology,Tip exist,"GLMM (binomial, blme Cauchy(0,2.5))",fixed: day_z:thicket2,Wald z,-1.4057,NA,NA,NA,-6.3292,log-odds,-99.8216,-15.1538,2.4955,0.1598,"fixed: day_z:thicket2: OR=0.00 (n.s., blme penalized)",code/12_models.R,output/tables/12c_morph_blme_fixed_effects.csv
"Morphology: Tip exist — fixed: day_z:thicket3 [GLMM (binomial, blme Cauchy(0,2.5)), Wald z]",Morphology,Tip exist,"GLMM (binomial, blme Cauchy(0,2.5))",fixed: day_z:thicket3,Wald z,0.3275,NA,NA,NA,1.0826,log-odds,195.2368,-5.3968,7.562,0.7433,"fixed: day_z:thicket3: OR=2.95 (n.s., blme penalized)",code/12_models.R,output/tables/12c_morph_blme_fixed_effects.csv
"Morphology: Tip exist — fixed: thicket2 [GLMM (binomial, blme Cauchy(0,2.5)), Wald z]",Morphology,Tip exist,"GLMM (binomial, blme Cauchy(0,2.5))",fixed: thicket2,Wald z,-2.051,NA,NA,NA,-3.4609,log-odds,-96.8598,-6.7683,-0.1535,0.0403,"fixed: thicket2: OR=0.03 (sig, blme penalized)",code/12_models.R,output/tables/12c_morph_blme_fixed_effects.csv
"Morphology: Tip exist — fixed: thicket3 [GLMM (binomial, blme Cauchy(0,2.5)), Wald z]",Morphology,Tip exist,"GLMM (binomial, blme Cauchy(0,2.5))",fixed: thicket3,Wald z,0.2726,NA,NA,NA,0.4101,log-odds,50.6919,-2.5379,3.358,0.7851,"fixed: thicket3: OR=1.51 (n.s., blme penalized)",code/12_models.R,output/tables/12c_morph_blme_fixed_effects.csv
"Morphology: Tip exist — fixed: treatment2 [GLMM (binomial, blme Cauchy(0,2.5)), Wald z]",Morphology,Tip exist,"GLMM (binomial, blme Cauchy(0,2.5))",fixed: treatment2,Wald z,-0.5938,NA,NA,NA,-0.9356,log-odds,-60.7641,-4.0238,2.1527,0.5527,"fixed: treatment2: OR=0.39 (n.s., blme penalized)",code/12_models.R,output/tables/12c_morph_blme_fixed_effects.csv
"Morphology: Tip exist — fixed: treatment2:day_z [GLMM (binomial, blme Cauchy(0,2.5)), Wald z]",Morphology,Tip exist,"GLMM (binomial, blme Cauchy(0,2.5))",fixed: treatment2:day_z,Wald z,0.4874,NA,NA,NA,1.4559,log-odds,328.8316,-4.3991,7.3109,0.626,"fixed: treatment2:day_z: OR=4.29 (n.s., blme penalized)",code/12_models.R,output/tables/12c_morph_blme_fixed_effects.csv
"Morphology: Tip exist — fixed: treatment2:day_z:thicket2 [GLMM (binomial, blme Cauchy(0,2.5)), Wald z]",Morphology,Tip exist,"GLMM (binomial, blme Cauchy(0,2.5))",fixed: treatment2:day_z:thicket2,Wald z,0.9238,NA,NA,NA,3.6073,log-odds,3586.5505,-4.046,11.2605,0.3556,"fixed: treatment2:day_z:thicket2: OR=36.87 (n.s., blme penalized)",code/12_models.R,output/tables/12c_morph_blme_fixed_effects.csv
"Morphology: Tip exist — fixed: treatment2:day_z:thicket3 [GLMM (binomial, blme Cauchy(0,2.5)), Wald z]",Morphology,Tip exist,"GLMM (binomial, blme Cauchy(0,2.5))",fixed: treatment2:day_z:thicket3,Wald z,-1.8393,NA,NA,NA,-9.5584,log-odds,-99.9929,-19.7441,0.6273,0.0659,"fixed: treatment2:day_z:thicket3: OR=0.00 (n.s., blme penalized)",code/12_models.R,output/tables/12c_morph_blme_fixed_effects.csv
"Morphology: Tip exist — fixed: treatment2:thicket2 [GLMM (binomial, blme Cauchy(0,2.5)), Wald z]",Morphology,Tip exist,"GLMM (binomial, blme Cauchy(0,2.5))",fixed: treatment2:thicket2,Wald z,1.3101,NA,NA,NA,2.6717,log-odds,1346.5232,-1.3254,6.6689,0.1902,"fixed: treatment2:thicket2: OR=14.47 (n.s., blme penalized)",code/12_models.R,output/tables/12c_morph_blme_fixed_effects.csv
"Morphology: Tip exist — fixed: treatment2:thicket3 [GLMM (binomial, blme Cauchy(0,2.5)), Wald z]",Morphology,Tip exist,"GLMM (binomial, blme Cauchy(0,2.5))",fixed: treatment2:thicket3,Wald z,-1.1363,NA,NA,NA,-2.25,log-odds,-89.4603,-6.1311,1.631,0.2558,"fixed: treatment2:thicket3: OR=0.11 (n.s., blme penalized)",code/12_models.R,output/tables/12c_morph_blme_fixed_effects.csv
"Morphology: Tip exist — thicket [GLMM (binomial, blme Cauchy(0,2.5)), Wald chi-sq]",Morphology,Tip exist,"GLMM (binomial, blme Cauchy(0,2.5))",thicket,Wald chi-sq,1.2126,2,NA,NA,NA,NA,NA,NA,NA,0.5454,thicket effect on tip_exist (n.s.),code/12_models.R,output/tables/12c_morph_blme_anova.csv
"Morphology: Tip exist — treatment [GLMM (binomial, blme Cauchy(0,2.5)), Wald chi-sq]",Morphology,Tip exist,"GLMM (binomial, blme Cauchy(0,2.5))",treatment,Wald chi-sq,0.022,1,NA,NA,NA,NA,NA,NA,NA,0.8822,treatment effect on tip_exist (n.s.),code/12_models.R,output/tables/12c_morph_blme_anova.csv
"Morphology: Tip exist — treatment:day_z [GLMM (binomial, blme Cauchy(0,2.5)), Wald chi-sq]",Morphology,Tip exist,"GLMM (binomial, blme Cauchy(0,2.5))",treatment:day_z,Wald chi-sq,0.3142,1,NA,NA,NA,NA,NA,NA,NA,0.5751,treatment:day_z effect on tip_exist (n.s.),code/12_models.R,output/tables/12c_morph_blme_anova.csv
"Morphology: Tip exist — treatment:day_z:thicket [GLMM (binomial, blme Cauchy(0,2.5)), Wald chi-sq]",Morphology,Tip exist,"GLMM (binomial, blme Cauchy(0,2.5))",treatment:day_z:thicket,Wald chi-sq,3.9429,2,NA,NA,NA,NA,NA,NA,NA,0.1393,treatment:day_z:thicket effect on tip_exist (n.s.),code/12_models.R,output/tables/12c_morph_blme_anova.csv
"Morphology: Tip exist — treatment:thicket [GLMM (binomial, blme Cauchy(0,2.5)), Wald chi-sq]",Morphology,Tip exist,"GLMM (binomial, blme Cauchy(0,2.5))",treatment:thicket,Wald chi-sq,1.5536,2,NA,NA,NA,NA,NA,NA,NA,0.4599,treatment:thicket effect on tip_exist (n.s.),code/12_models.R,output/tables/12c_morph_blme_anova.csv
"Morphology: Tip exist — 28C - 31C at day 10 [GLMM contrast (prob scale), delta probability]",Morphology,Tip exist,GLMM contrast (prob scale),28C - 31C at day 10,delta probability,0.141,NA,NA,NA,0.141,probability,14.1,NA,NA,0.4802,P(28C)=0.83 vs P(31C)=0.69; OR(31vs28)=0.45,code/sensitivity/29_morphology_prob_contrasts.R,output/tables/29_morphology_prob_contrasts.csv
"Morphology: Tip extension — day_z [GLMM (binomial, blme Cauchy(0,2.5)), Wald chi-sq]",Morphology,Tip extension,"GLMM (binomial, blme Cauchy(0,2.5))",day_z,Wald chi-sq,36.7987,1,NA,NA,NA,NA,NA,NA,NA,0,day_z effect on tip_extension (significant),code/12_models.R,output/tables/12c_morph_blme_anova.csv
"Morphology: Tip extension — day_z:thicket [GLMM (binomial, blme Cauchy(0,2.5)), Wald chi-sq]",Morphology,Tip extension,"GLMM (binomial, blme Cauchy(0,2.5))",day_z:thicket,Wald chi-sq,0.8534,2,NA,NA,NA,NA,NA,NA,NA,0.6527,day_z:thicket effect on tip_extension (n.s.),code/12_models.R,output/tables/12c_morph_blme_anova.csv
"Morphology: Tip extension — fixed: day_z [GLMM (binomial, blme Cauchy(0,2.5)), Wald z]",Morphology,Tip extension,"GLMM (binomial, blme Cauchy(0,2.5))",fixed: day_z,Wald z,4.1709,NA,NA,NA,NA,log-odds [residual separation],NA,NA,NA,NA,"fixed: day_z: residual separation after Cauchy(0,2.5) prior — report omnibus chi-sq only",code/12_models.R,output/tables/12c_morph_blme_fixed_effects.csv
"Morphology: Tip extension — fixed: day_z:thicket2 [GLMM (binomial, blme Cauchy(0,2.5)), Wald z]",Morphology,Tip extension,"GLMM (binomial, blme Cauchy(0,2.5))",fixed: day_z:thicket2,Wald z,0.3948,NA,NA,NA,1.0215,log-odds,177.7247,-4.05,6.0929,0.693,"fixed: day_z:thicket2: OR=2.78 (n.s., blme penalized)",code/12_models.R,output/tables/12c_morph_blme_fixed_effects.csv
"Morphology: Tip extension — fixed: day_z:thicket3 [GLMM (binomial, blme Cauchy(0,2.5)), Wald z]",Morphology,Tip extension,"GLMM (binomial, blme Cauchy(0,2.5))",fixed: day_z:thicket3,Wald z,0.9638,NA,NA,NA,2.4389,log-odds,1046.0821,-2.521,7.3988,0.3351,"fixed: day_z:thicket3: OR=11.46 (n.s., blme penalized)",code/12_models.R,output/tables/12c_morph_blme_fixed_effects.csv
"Morphology: Tip extension — fixed: thicket2 [GLMM (binomial, blme Cauchy(0,2.5)), Wald z]",Morphology,Tip extension,"GLMM (binomial, blme Cauchy(0,2.5))",fixed: thicket2,Wald z,-1.2261,NA,NA,NA,-2.2039,log-odds,-88.9633,-5.7272,1.3193,0.2202,"fixed: thicket2: OR=0.11 (n.s., blme penalized)",code/12_models.R,output/tables/12c_morph_blme_fixed_effects.csv
"Morphology: Tip extension — fixed: thicket3 [GLMM (binomial, blme Cauchy(0,2.5)), Wald z]",Morphology,Tip extension,"GLMM (binomial, blme Cauchy(0,2.5))",fixed: thicket3,Wald z,-0.0096,NA,NA,NA,-0.0164,log-odds,-1.6304,-3.3625,3.3296,0.9923,"fixed: thicket3: OR=0.98 (n.s., blme penalized)",code/12_models.R,output/tables/12c_morph_blme_fixed_effects.csv
"Morphology: Tip extension — fixed: treatment2 [GLMM (binomial, blme Cauchy(0,2.5)), Wald z]",Morphology,Tip extension,"GLMM (binomial, blme Cauchy(0,2.5))",fixed: treatment2,Wald z,-0.8292,NA,NA,NA,-1.4393,log-odds,-76.291,-4.8414,1.9628,0.407,"fixed: treatment2: OR=0.24 (n.s., blme penalized)",code/12_models.R,output/tables/12c_morph_blme_fixed_effects.csv
"Morphology: Tip extension — fixed: treatment2:day_z [GLMM (binomial, blme Cauchy(0,2.5)), Wald z]",Morphology,Tip extension,"GLMM (binomial, blme Cauchy(0,2.5))",fixed: treatment2:day_z,Wald z,-1.0834,NA,NA,NA,-2.8065,log-odds,-93.9584,-7.8839,2.2709,0.2786,"fixed: treatment2:day_z: OR=0.06 (n.s., blme penalized)",code/12_models.R,output/tables/12c_morph_blme_fixed_effects.csv
"Morphology: Tip extension — fixed: treatment2:day_z:thicket2 [GLMM (binomial, blme Cauchy(0,2.5)), Wald z]",Morphology,Tip extension,"GLMM (binomial, blme Cauchy(0,2.5))",fixed: treatment2:day_z:thicket2,Wald z,0.7406,NA,NA,NA,2.1859,log-odds,789.8921,-3.5992,7.9711,0.4589,"fixed: treatment2:day_z:thicket2: OR=8.90 (n.s., blme penalized)",code/12_models.R,output/tables/12c_morph_blme_fixed_effects.csv
"Morphology: Tip extension — fixed: treatment2:day_z:thicket3 [GLMM (binomial, blme Cauchy(0,2.5)), Wald z]",Morphology,Tip extension,"GLMM (binomial, blme Cauchy(0,2.5))",fixed: treatment2:day_z:thicket3,Wald z,-1.3186,NA,NA,NA,-3.8117,log-odds,-97.7889,-9.4773,1.854,0.1873,"fixed: treatment2:day_z:thicket3: OR=0.02 (n.s., blme penalized)",code/12_models.R,output/tables/12c_morph_blme_fixed_effects.csv
"Morphology: Tip extension — fixed: treatment2:thicket2 [GLMM (binomial, blme Cauchy(0,2.5)), Wald z]",Morphology,Tip extension,"GLMM (binomial, blme Cauchy(0,2.5))",fixed: treatment2:thicket2,Wald z,-0.2733,NA,NA,NA,-0.6231,log-odds,-46.3694,-5.0914,3.8453,0.7846,"fixed: treatment2:thicket2: OR=0.54 (n.s., blme penalized)",code/12_models.R,output/tables/12c_morph_blme_fixed_effects.csv
"Morphology: Tip extension — fixed: treatment2:thicket3 [GLMM (binomial, blme Cauchy(0,2.5)), Wald z]",Morphology,Tip extension,"GLMM (binomial, blme Cauchy(0,2.5))",fixed: treatment2:thicket3,Wald z,-0.6221,NA,NA,NA,-1.3915,log-odds,-75.1299,-5.7755,2.9925,0.5339,"fixed: treatment2:thicket3: OR=0.25 (n.s., blme penalized)",code/12_models.R,output/tables/12c_morph_blme_fixed_effects.csv
"Morphology: Tip extension — thicket [GLMM (binomial, blme Cauchy(0,2.5)), Wald chi-sq]",Morphology,Tip extension,"GLMM (binomial, blme Cauchy(0,2.5))",thicket,Wald chi-sq,1.0622,2,NA,NA,NA,NA,NA,NA,NA,0.588,thicket effect on tip_extension (n.s.),code/12_models.R,output/tables/12c_morph_blme_anova.csv
"Morphology: Tip extension — treatment [GLMM (binomial, blme Cauchy(0,2.5)), Wald chi-sq]",Morphology,Tip extension,"GLMM (binomial, blme Cauchy(0,2.5))",treatment,Wald chi-sq,1.6257,1,NA,NA,NA,NA,NA,NA,NA,0.2023,treatment effect on tip_extension (n.s.),code/12_models.R,output/tables/12c_morph_blme_anova.csv
"Morphology: Tip extension — treatment:day_z [GLMM (binomial, blme Cauchy(0,2.5)), Wald chi-sq]",Morphology,Tip extension,"GLMM (binomial, blme Cauchy(0,2.5))",treatment:day_z,Wald chi-sq,0.6682,1,NA,NA,NA,NA,NA,NA,NA,0.4137,treatment:day_z effect on tip_extension (n.s.),code/12_models.R,output/tables/12c_morph_blme_anova.csv
"Morphology: Tip extension — treatment:day_z:thicket [GLMM (binomial, blme Cauchy(0,2.5)), Wald chi-sq]",Morphology,Tip extension,"GLMM (binomial, blme Cauchy(0,2.5))",treatment:day_z:thicket,Wald chi-sq,2.1489,2,NA,NA,NA,NA,NA,NA,NA,0.3415,treatment:day_z:thicket effect on tip_extension (n.s.),code/12_models.R,output/tables/12c_morph_blme_anova.csv
"Morphology: Tip extension — treatment:thicket [GLMM (binomial, blme Cauchy(0,2.5)), Wald chi-sq]",Morphology,Tip extension,"GLMM (binomial, blme Cauchy(0,2.5))",treatment:thicket,Wald chi-sq,0.451,2,NA,NA,NA,NA,NA,NA,NA,0.7981,treatment:thicket effect on tip_extension (n.s.),code/12_models.R,output/tables/12c_morph_blme_anova.csv
"Morphology: Tip extension — 28C - 31C at day 10 [GLMM contrast (prob scale), delta probability]",Morphology,Tip extension,GLMM contrast (prob scale),28C - 31C at day 10,delta probability,0.2178,NA,NA,NA,0.2178,probability,21.78,NA,NA,0.1667,P(28C)=0.26 vs P(31C)=0.04; OR(31vs28)=0.12,code/sensitivity/29_morphology_prob_contrasts.R,output/tables/29_morphology_prob_contrasts.csv
"Morphology: Wound smoothed — 28C - 31C at day 10 [GLMM contrast (prob scale), delta probability]",Morphology,Wound smoothed,GLMM contrast (prob scale),28C - 31C at day 10,delta probability,-0,NA,NA,NA,-0,probability,-0,NA,NA,NA,P(28C)=1.00 vs P(31C)=1.00; OR(31vs28)=NA,code/sensitivity/29_morphology_prob_contrasts.R,output/tables/29_morphology_prob_contrasts.csv
"Multivariate: End-of-experiment physiology PCA — loading[color_end] -> PC1 [PCA, PCA loading]",Multivariate,End-of-experiment physiology PCA,PCA,loading[color_end] -> PC1,PCA loading,0.53,NA,NA,NA,0.53,loading,NA,NA,NA,NA,color_end loads 0.53 on PC1,code/15_multivariate.R,output/tables/15_pca_loadings.csv
"Multivariate: End-of-experiment physiology PCA — loading[color_end] -> PC2 [PCA, PCA loading]",Multivariate,End-of-experiment physiology PCA,PCA,loading[color_end] -> PC2,PCA loading,-0.23,NA,NA,NA,-0.23,loading,NA,NA,NA,NA,color_end loads -0.23 on PC2,code/15_multivariate.R,output/tables/15_pca_loadings.csv
"Multivariate: End-of-experiment physiology PCA — loading[color_end] -> PC3 [PCA, PCA loading]",Multivariate,End-of-experiment physiology PCA,PCA,loading[color_end] -> PC3,PCA loading,0.228,NA,NA,NA,0.228,loading,NA,NA,NA,NA,color_end loads 0.23 on PC3,code/15_multivariate.R,output/tables/15_pca_loadings.csv
"Multivariate: End-of-experiment physiology PCA — loading[color_end] -> PC4 [PCA, PCA loading]",Multivariate,End-of-experiment physiology PCA,PCA,loading[color_end] -> PC4,PCA loading,-0.784,NA,NA,NA,-0.784,loading,NA,NA,NA,NA,color_end loads -0.78 on PC4,code/15_multivariate.R,output/tables/15_pca_loadings.csv
"Multivariate: End-of-experiment physiology PCA — loading[growth_pct] -> PC1 [PCA, PCA loading]",Multivariate,End-of-experiment physiology PCA,PCA,loading[growth_pct] -> PC1,PCA loading,0.414,NA,NA,NA,0.414,loading,NA,NA,NA,NA,growth_pct loads 0.41 on PC1,code/15_multivariate.R,output/tables/15_pca_loadings.csv
"Multivariate: End-of-experiment physiology PCA — loading[growth_pct] -> PC2 [PCA, PCA loading]",Multivariate,End-of-experiment physiology PCA,PCA,loading[growth_pct] -> PC2,PCA loading,0.908,NA,NA,NA,0.908,loading,NA,NA,NA,NA,growth_pct loads 0.91 on PC2,code/15_multivariate.R,output/tables/15_pca_loadings.csv
"Multivariate: End-of-experiment physiology PCA — loading[growth_pct] -> PC3 [PCA, PCA loading]",Multivariate,End-of-experiment physiology PCA,PCA,loading[growth_pct] -> PC3,PCA loading,-0.061,NA,NA,NA,-0.061,loading,NA,NA,NA,NA,growth_pct loads -0.06 on PC3,code/15_multivariate.R,output/tables/15_pca_loadings.csv
"Multivariate: End-of-experiment physiology PCA — loading[growth_pct] -> PC4 [PCA, PCA loading]",Multivariate,End-of-experiment physiology PCA,PCA,loading[growth_pct] -> PC4,PCA loading,-0.004,NA,NA,NA,-0.004,loading,NA,NA,NA,NA,growth_pct loads -0.00 on PC4,code/15_multivariate.R,output/tables/15_pca_loadings.csv
"Multivariate: End-of-experiment physiology PCA — loading[pam_end] -> PC1 [PCA, PCA loading]",Multivariate,End-of-experiment physiology PCA,PCA,loading[pam_end] -> PC1,PCA loading,0.518,NA,NA,NA,0.518,loading,NA,NA,NA,NA,pam_end loads 0.52 on PC1,code/15_multivariate.R,output/tables/15_pca_loadings.csv
"Multivariate: End-of-experiment physiology PCA — loading[pam_end] -> PC2 [PCA, PCA loading]",Multivariate,End-of-experiment physiology PCA,PCA,loading[pam_end] -> PC2,PCA loading,-0.288,NA,NA,NA,-0.288,loading,NA,NA,NA,NA,pam_end loads -0.29 on PC2,code/15_multivariate.R,output/tables/15_pca_loadings.csv
"Multivariate: End-of-experiment physiology PCA — loading[pam_end] -> PC3 [PCA, PCA loading]",Multivariate,End-of-experiment physiology PCA,PCA,loading[pam_end] -> PC3,PCA loading,-0.778,NA,NA,NA,-0.778,loading,NA,NA,NA,NA,pam_end loads -0.78 on PC3,code/15_multivariate.R,output/tables/15_pca_loadings.csv
"Multivariate: End-of-experiment physiology PCA — loading[pam_end] -> PC4 [PCA, PCA loading]",Multivariate,End-of-experiment physiology PCA,PCA,loading[pam_end] -> PC4,PCA loading,0.209,NA,NA,NA,0.209,loading,NA,NA,NA,NA,pam_end loads 0.21 on PC4,code/15_multivariate.R,output/tables/15_pca_loadings.csv
"Multivariate: End-of-experiment physiology PCA — loading[zoox_end] -> PC1 [PCA, PCA loading]",Multivariate,End-of-experiment physiology PCA,PCA,loading[zoox_end] -> PC1,PCA loading,0.528,NA,NA,NA,0.528,loading,NA,NA,NA,NA,zoox_end loads 0.53 on PC1,code/15_multivariate.R,output/tables/15_pca_loadings.csv
"Multivariate: End-of-experiment physiology PCA — loading[zoox_end] -> PC2 [PCA, PCA loading]",Multivariate,End-of-experiment physiology PCA,PCA,loading[zoox_end] -> PC2,PCA loading,-0.199,NA,NA,NA,-0.199,loading,NA,NA,NA,NA,zoox_end loads -0.20 on PC2,code/15_multivariate.R,output/tables/15_pca_loadings.csv
"Multivariate: End-of-experiment physiology PCA — loading[zoox_end] -> PC3 [PCA, PCA loading]",Multivariate,End-of-experiment physiology PCA,PCA,loading[zoox_end] -> PC3,PCA loading,0.583,NA,NA,NA,0.583,loading,NA,NA,NA,NA,zoox_end loads 0.58 on PC3,code/15_multivariate.R,output/tables/15_pca_loadings.csv
"Multivariate: End-of-experiment physiology PCA — loading[zoox_end] -> PC4 [PCA, PCA loading]",Multivariate,End-of-experiment physiology PCA,PCA,loading[zoox_end] -> PC4,PCA loading,0.585,NA,NA,NA,0.585,loading,NA,NA,NA,NA,zoox_end loads 0.58 on PC4,code/15_multivariate.R,output/tables/15_pca_loadings.csv
"Multivariate: Per-genet thermal displacement (PCA) — genet=a [PCA, Euclidean displacement]",Multivariate,Per-genet thermal displacement (PCA),PCA,genet=a,Euclidean displacement,3.7098,NA,NA,NA,3.7098,PC units,NA,NA,NA,NA,Genet a shifts 3.71 PC-units under heat,code/15_multivariate.R,output/tables/15_genet_pca_displacement.csv
"Multivariate: Per-genet thermal displacement (PCA) — genet=c [PCA, Euclidean displacement]",Multivariate,Per-genet thermal displacement (PCA),PCA,genet=c,Euclidean displacement,1.0223,NA,NA,NA,1.0223,PC units,NA,NA,NA,NA,Genet c shifts 1.02 PC-units under heat,code/15_multivariate.R,output/tables/15_genet_pca_displacement.csv
"Multivariate: Per-genet thermal displacement (PCA) — genet=d [PCA, Euclidean displacement]",Multivariate,Per-genet thermal displacement (PCA),PCA,genet=d,Euclidean displacement,3.3817,NA,NA,NA,3.3817,PC units,NA,NA,NA,NA,Genet d shifts 3.38 PC-units under heat,code/15_multivariate.R,output/tables/15_genet_pca_displacement.csv
"Physiology: Buoyant weight growth (%) — percent reduction 31C vs 28C [derived, ratio]",Physiology,Buoyant weight growth (%),derived,percent reduction 31C vs 28C,ratio,-33.9241,NA,NA,NA,-33.9241,%,-33.9241,NA,NA,NA,31C corals grew 34% less mass than 28C corals,code/05_buoyant_weight.R (raw),data/processed/buoyant_weight_clean.rds
"Physiology: Buoyant weight growth (%) — mean(28C) [raw summary, mean +/- SD]",Physiology,Buoyant weight growth (%),raw summary,mean(28C),mean +/- SD,6.1043,NA,NA,24,6.1043,%,NA,4.4147,7.7938,NA,"28C mean growth = 6.10% (SD 1.69, n=24)",code/05_buoyant_weight.R (raw),data/processed/buoyant_weight_clean.rds
"Physiology: Buoyant weight growth (%) — mean(31C) [raw summary, mean +/- SD]",Physiology,Buoyant weight growth (%),raw summary,mean(31C),mean +/- SD,4.0334,NA,NA,24,4.0334,%,NA,2.8862,5.1807,NA,"31C mean growth = 4.03% (SD 1.15, n=24)",code/05_buoyant_weight.R (raw),data/processed/buoyant_weight_clean.rds
"Physiology: Color (Siebeck D) — R2_conditional [LMM, R-squared]",Physiology,Color (Siebeck D),LMM,R2_conditional,R-squared,0.883,NA,NA,NA,0.883,proportion,NA,NA,NA,NA,R2_conditional = 0.883,code/12_models.R,output/tables/12_r2_summary.csv
"Physiology: Color (Siebeck D) — R2_marginal [LMM, R-squared]",Physiology,Color (Siebeck D),LMM,R2_marginal,R-squared,0.717,NA,NA,NA,0.717,proportion,NA,NA,NA,NA,R2_marginal = 0.717,code/12_models.R,output/tables/12_r2_summary.csv
"Physiology: Color (Siebeck D) — contrast: 28C - 31C | genet=a | wound=no [LMM, Satterthwaite t]",Physiology,Color (Siebeck D),LMM,contrast: 28C - 31C | genet=a | wound=no,Satterthwaite t,8.555,26.37465,NA,NA,1.8343,,-45.8575,1.4141,2.2545,0,"Genet a, unwounded: lower under 31C (-45.9%)",code/12_models.R,output/tables/12_genet_treatment_effects.csv
"Physiology: Color (Siebeck D) — contrast: 28C - 31C | genet=a | wound=yes [LMM, Satterthwaite t]",Physiology,Color (Siebeck D),LMM,contrast: 28C - 31C | genet=a | wound=yes,Satterthwaite t,8.2838,26.37465,NA,NA,1.7762,,-44.404,1.3559,2.1964,0,"Genet a, wounded: lower under 31C (-44.4%)",code/12_models.R,output/tables/12_genet_treatment_effects.csv
"Physiology: Color (Siebeck D) — contrast: 28C - 31C | genet=c | wound=no [LMM, Satterthwaite t]",Physiology,Color (Siebeck D),LMM,contrast: 28C - 31C | genet=c | wound=no,Satterthwaite t,2.3726,26.37465,NA,NA,0.5087,,-12.718,0.0885,0.929,0.0252,"Genet c, unwounded: lower under 31C (-12.7%)",code/12_models.R,output/tables/12_genet_treatment_effects.csv
"Physiology: Color (Siebeck D) — contrast: 28C - 31C | genet=c | wound=yes [LMM, Satterthwaite t]",Physiology,Color (Siebeck D),LMM,contrast: 28C - 31C | genet=c | wound=yes,Satterthwaite t,0.644,26.37465,NA,NA,0.1381,,-3.452,-0.2822,0.5583,0.5251,"Genet c, wounded: no change under 31C (-3.5%)",code/12_models.R,output/tables/12_genet_treatment_effects.csv
"Physiology: Color (Siebeck D) — contrast: 28C - 31C | genet=d | wound=no [LMM, Satterthwaite t]",Physiology,Color (Siebeck D),LMM,contrast: 28C - 31C | genet=d | wound=no,Satterthwaite t,6.4061,26.37465,NA,NA,1.3736,,-37.891,0.9533,1.7938,0,"Genet d, unwounded: lower under 31C (-37.9%)",code/12_models.R,output/tables/12_genet_treatment_effects.csv
"Physiology: Color (Siebeck D) — contrast: 28C - 31C | genet=d | wound=yes [LMM, Satterthwaite t]",Physiology,Color (Siebeck D),LMM,contrast: 28C - 31C | genet=d | wound=yes,Satterthwaite t,7.6602,26.37465,NA,NA,1.6424,,-41.061,1.2222,2.0627,0,"Genet d, wounded: lower under 31C (-41.1%)",code/12_models.R,output/tables/12_genet_treatment_effects.csv
"Physiology: Color (Siebeck D) — day [LMM, ANOVA F]",Physiology,Color (Siebeck D),LMM,day,ANOVA F,329.8742,1,227.99998,NA,NA,NA,NA,NA,NA,0,day effect on Color (Siebeck D) (significant),code/12_models.R,output/tables/12_anova_summary.csv
"Physiology: Color (Siebeck D) — day:thicket [LMM, ANOVA F]",Physiology,Color (Siebeck D),LMM,day:thicket,ANOVA F,36.5937,2,227.99998,NA,NA,NA,NA,NA,NA,0,day:thicket effect on Color (Siebeck D) (significant),code/12_models.R,output/tables/12_anova_summary.csv
"Physiology: Color (Siebeck D) — thicket [LMM, ANOVA F]",Physiology,Color (Siebeck D),LMM,thicket,ANOVA F,0.4109,2,59.12527,NA,NA,NA,NA,NA,NA,0.6649,thicket effect on Color (Siebeck D) (n.s.),code/12_models.R,output/tables/12_anova_summary.csv
"Physiology: Color (Siebeck D) — treatment [LMM, ANOVA F]",Physiology,Color (Siebeck D),LMM,treatment,ANOVA F,0.1148,1,6.92909,NA,NA,NA,NA,NA,NA,0.7448,treatment effect on Color (Siebeck D) (n.s.),code/12_models.R,output/tables/12_anova_summary.csv
"Physiology: Color (Siebeck D) — treatment:day [LMM, ANOVA F]",Physiology,Color (Siebeck D),LMM,treatment:day,ANOVA F,287.6248,1,227.99998,NA,NA,NA,NA,NA,NA,0,treatment:day effect on Color (Siebeck D) (significant),code/12_models.R,output/tables/12_anova_summary.csv
"Physiology: Color (Siebeck D) — treatment:day:thicket [LMM, ANOVA F]",Physiology,Color (Siebeck D),LMM,treatment:day:thicket,ANOVA F,34.3723,2,227.99998,NA,NA,NA,NA,NA,NA,0,treatment:day:thicket effect on Color (Siebeck D) (significant),code/12_models.R,output/tables/12_anova_summary.csv
"Physiology: Color (Siebeck D) — treatment:thicket [LMM, ANOVA F]",Physiology,Color (Siebeck D),LMM,treatment:thicket,ANOVA F,0.3064,2,59.12527,NA,NA,NA,NA,NA,NA,0.7373,treatment:thicket effect on Color (Siebeck D) (n.s.),code/12_models.R,output/tables/12_anova_summary.csv
"Physiology: Color (Siebeck D) — treatment:wound [LMM, ANOVA F]",Physiology,Color (Siebeck D),LMM,treatment:wound,ANOVA F,1.0388,1,59.12527,NA,NA,NA,NA,NA,NA,0.3123,treatment:wound effect on Color (Siebeck D) (n.s.),code/12_models.R,output/tables/12_anova_summary.csv
"Physiology: Color (Siebeck D) — treatment:wound:day [LMM, ANOVA F]",Physiology,Color (Siebeck D),LMM,treatment:wound:day,ANOVA F,1.7946,1,227.99998,NA,NA,NA,NA,NA,NA,0.1817,treatment:wound:day effect on Color (Siebeck D) (n.s.),code/12_models.R,output/tables/12_anova_summary.csv
"Physiology: Color (Siebeck D) — treatment:wound:day:thicket [LMM, ANOVA F]",Physiology,Color (Siebeck D),LMM,treatment:wound:day:thicket,ANOVA F,0.8912,2,227.99998,NA,NA,NA,NA,NA,NA,0.4116,treatment:wound:day:thicket effect on Color (Siebeck D) (n.s.),code/12_models.R,output/tables/12_anova_summary.csv
"Physiology: Color (Siebeck D) — treatment:wound:thicket [LMM, ANOVA F]",Physiology,Color (Siebeck D),LMM,treatment:wound:thicket,ANOVA F,0.2014,2,59.12527,NA,NA,NA,NA,NA,NA,0.8182,treatment:wound:thicket effect on Color (Siebeck D) (n.s.),code/12_models.R,output/tables/12_anova_summary.csv
"Physiology: Color (Siebeck D) — wound [LMM, ANOVA F]",Physiology,Color (Siebeck D),LMM,wound,ANOVA F,0.0186,1,59.12527,NA,NA,NA,NA,NA,NA,0.8919,wound effect on Color (Siebeck D) (n.s.),code/12_models.R,output/tables/12_anova_summary.csv
"Physiology: Color (Siebeck D) — wound:day [LMM, ANOVA F]",Physiology,Color (Siebeck D),LMM,wound:day,ANOVA F,4.1299,1,227.99998,NA,NA,NA,NA,NA,NA,0.0433,wound:day effect on Color (Siebeck D) (significant),code/12_models.R,output/tables/12_anova_summary.csv
"Physiology: Color (Siebeck D) — wound:day:thicket [LMM, ANOVA F]",Physiology,Color (Siebeck D),LMM,wound:day:thicket,ANOVA F,0.3853,2,227.99998,NA,NA,NA,NA,NA,NA,0.6807,wound:day:thicket effect on Color (Siebeck D) (n.s.),code/12_models.R,output/tables/12_anova_summary.csv
"Physiology: Color (Siebeck D) — wound:thicket [LMM, ANOVA F]",Physiology,Color (Siebeck D),LMM,wound:thicket,ANOVA F,0.144,2,59.12527,NA,NA,NA,NA,NA,NA,0.8662,wound:thicket effect on Color (Siebeck D) (n.s.),code/12_models.R,output/tables/12_anova_summary.csv
"Physiology: Color (Siebeck D) — LRT: adding genet x treatment x wound x day [LRT (null vs genet x trt), LRT chi-sq]",Physiology,Color (Siebeck D),LRT (null vs genet x trt),LRT: adding genet x treatment x wound x day,LRT chi-sq,149.7628,14,NA,288,-121.7628,delta AIC,NA,NA,NA,0,Adding genet x trt improves fit by dAIC=-121.8 (sig),code/13_genet_interaction.R,output/tables/13_genet_anova.csv
"Physiology: Color (Siebeck D) — ordinal robustness — day:thicket [CLMM (cumulative-link mixed), LRT chi-sq]",Physiology,Color (Siebeck D) — ordinal robustness,CLMM (cumulative-link mixed),day:thicket,LRT chi-sq,0.8512,2,NA,NA,NA,NA,NA,NA,NA,0.6534,day:thicket (ordinal CLMM): n.s.,code/12_models.R,output/tables/12b_color_clmm.csv
"Physiology: Color (Siebeck D) — ordinal robustness — treatment:wound:day [CLMM (cumulative-link mixed), LRT chi-sq]",Physiology,Color (Siebeck D) — ordinal robustness,CLMM (cumulative-link mixed),treatment:wound:day,LRT chi-sq,-0.0147,1,NA,NA,NA,NA,NA,NA,NA,1,treatment:wound:day (ordinal CLMM): n.s.,code/12_models.R,output/tables/12b_color_clmm.csv
"Physiology: Color (Siebeck D) — ordinal robustness — treatment:wound:thicket [CLMM (cumulative-link mixed), LRT chi-sq]",Physiology,Color (Siebeck D) — ordinal robustness,CLMM (cumulative-link mixed),treatment:wound:thicket,LRT chi-sq,0.2198,2,NA,NA,NA,NA,NA,NA,NA,0.8959,treatment:wound:thicket (ordinal CLMM): n.s.,code/12_models.R,output/tables/12b_color_clmm.csv
"Physiology: Growth (% mass change) — thicket [LM, ANOVA F]",Physiology,Growth (% mass change),LM,thicket,ANOVA F,0.6985,2,30.02324,NA,NA,NA,NA,NA,NA,0.5052,thicket effect on Growth (% mass change) (n.s.),code/12_models.R,output/tables/12_anova_summary.csv
"Physiology: Growth (% mass change) — treatment [LM, ANOVA F]",Physiology,Growth (% mass change),LM,treatment,ANOVA F,6.271,1,6.01657,NA,NA,NA,NA,NA,NA,0.0462,treatment effect on Growth (% mass change) (significant),code/12_models.R,output/tables/12_anova_summary.csv
"Physiology: Growth (% mass change) — treatment:thicket [LM, ANOVA F]",Physiology,Growth (% mass change),LM,treatment:thicket,ANOVA F,3.9651,2,30.02324,NA,NA,NA,NA,NA,NA,0.0296,treatment:thicket effect on Growth (% mass change) (significant),code/12_models.R,output/tables/12_anova_summary.csv
"Physiology: Growth (% mass change) — treatment:wound [LM, ANOVA F]",Physiology,Growth (% mass change),LM,treatment:wound,ANOVA F,0.0135,1,30.12076,NA,NA,NA,NA,NA,NA,0.9083,treatment:wound effect on Growth (% mass change) (n.s.),code/12_models.R,output/tables/12_anova_summary.csv
"Physiology: Growth (% mass change) — treatment:wound:thicket [LM, ANOVA F]",Physiology,Growth (% mass change),LM,treatment:wound:thicket,ANOVA F,1.3843,2,30.11845,NA,NA,NA,NA,NA,NA,0.266,treatment:wound:thicket effect on Growth (% mass change) (n.s.),code/12_models.R,output/tables/12_anova_summary.csv
"Physiology: Growth (% mass change) — wound [LM, ANOVA F]",Physiology,Growth (% mass change),LM,wound,ANOVA F,0.8974,1,30.12076,NA,NA,NA,NA,NA,NA,0.351,wound effect on Growth (% mass change) (n.s.),code/12_models.R,output/tables/12_anova_summary.csv
"Physiology: Growth (% mass change) — wound:thicket [LM, ANOVA F]",Physiology,Growth (% mass change),LM,wound:thicket,ANOVA F,0.253,2,30.11845,NA,NA,NA,NA,NA,NA,0.7781,wound:thicket effect on Growth (% mass change) (n.s.),code/12_models.R,output/tables/12_anova_summary.csv
"Physiology: Growth (% mass change) — fixed: thicket1 [LM (coral-level descriptive), t]",Physiology,Growth (% mass change),LM (coral-level descriptive),fixed: thicket1,t,0.8607,NA,NA,NA,0.2618,% over 15 d,NA,-0.352,0.8756,0.3943,fixed: thicket1: est=0.26% (n.s.),code/05_buoyant_weight.R,output/tables/05_buoyant_weight_lm.csv
"Physiology: Growth (% mass change) — fixed: thicket2 [LM (coral-level descriptive), t]",Physiology,Growth (% mass change),LM (coral-level descriptive),fixed: thicket2,t,-0.5993,NA,NA,NA,-0.1828,% over 15 d,NA,-0.7982,0.4326,0.5522,fixed: thicket2: est=-0.18% (n.s.),code/05_buoyant_weight.R,output/tables/05_buoyant_weight_lm.csv
"Physiology: Growth (% mass change) — fixed: treatment1 [LM (coral-level descriptive), t]",Physiology,Growth (% mass change),LM (coral-level descriptive),fixed: treatment1,t,4.8475,NA,NA,NA,1.0434,% over 15 d,NA,0.609,1.4778,0,fixed: treatment1: est=1.04% (sig),code/05_buoyant_weight.R,output/tables/05_buoyant_weight_lm.csv
"Physiology: Growth (% mass change) — fixed: treatment1:wound1 [LM (coral-level descriptive), t]",Physiology,Growth (% mass change),LM (coral-level descriptive),fixed: treatment1:wound1,t,-0.1532,NA,NA,NA,-0.033,% over 15 d,NA,-0.4682,0.4021,0.8789,fixed: treatment1:wound1: est=-0.03% (n.s.),code/05_buoyant_weight.R,output/tables/05_buoyant_weight_lm.csv
"Physiology: Growth (% mass change) — fixed: wound1 [LM (coral-level descriptive), t]",Physiology,Growth (% mass change),LM (coral-level descriptive),fixed: wound1,t,0.7378,NA,NA,NA,0.1591,% over 15 d,NA,-0.2761,0.5942,0.4648,fixed: wound1: est=0.16% (n.s.),code/05_buoyant_weight.R,output/tables/05_buoyant_weight_lm.csv
"Physiology: Growth (% mass change) — R2_conditional [LMM, R-squared]",Physiology,Growth (% mass change),LMM,R2_conditional,R-squared,0.705,NA,NA,NA,0.705,proportion,NA,NA,NA,NA,R2_conditional = 0.705,code/12_models.R,output/tables/12_r2_summary.csv
"Physiology: Growth (% mass change) — R2_marginal [LMM, R-squared]",Physiology,Growth (% mass change),LMM,R2_marginal,R-squared,0.385,NA,NA,NA,0.385,proportion,NA,NA,NA,NA,R2_marginal = 0.385,code/12_models.R,output/tables/12_r2_summary.csv
"Physiology: Growth (% mass change) — contrast: 28C - 31C | genet=a | wound=no [LMM, Satterthwaite t]",Physiology,Growth (% mass change),LMM,contrast: 28C - 31C | genet=a | wound=no,Satterthwaite t,2.0849,15.24621,NA,NA,2.2128,,-2.2128,0.1326,4.293,0.0543,"Genet a, unwounded: no change under 31C (-2.2%)",code/12_models.R,output/tables/12_genet_treatment_effects.csv
"Physiology: Growth (% mass change) — contrast: 28C - 31C | genet=a | wound=yes [LMM, Satterthwaite t]",Physiology,Growth (% mass change),LMM,contrast: 28C - 31C | genet=a | wound=yes,Satterthwaite t,2.8066,15.24621,NA,NA,2.9787,,-2.9787,0.8985,5.059,0.0131,"Genet a, wounded: lower under 31C (-3.0%)",code/12_models.R,output/tables/12_genet_treatment_effects.csv
"Physiology: Growth (% mass change) — contrast: 28C - 31C | genet=c | wound=no [LMM, Satterthwaite t]",Physiology,Growth (% mass change),LMM,contrast: 28C - 31C | genet=c | wound=no,Satterthwaite t,1.4843,14.1564,NA,NA,1.5411,,-1.5411,-0.494,3.5762,0.1597,"Genet c, unwounded: no change under 31C (-1.5%)",code/12_models.R,output/tables/12_genet_treatment_effects.csv
"Physiology: Growth (% mass change) — contrast: 28C - 31C | genet=c | wound=yes [LMM, Satterthwaite t]",Physiology,Growth (% mass change),LMM,contrast: 28C - 31C | genet=c | wound=yes,Satterthwaite t,0.1525,17.37294,NA,NA,0.1693,,-0.1693,-2.0063,2.3448,0.8805,"Genet c, wounded: no change under 31C (-0.2%)",code/12_models.R,output/tables/12_genet_treatment_effects.csv
"Physiology: Growth (% mass change) — contrast: 28C - 31C | genet=d | wound=no [LMM, Satterthwaite t]",Physiology,Growth (% mass change),LMM,contrast: 28C - 31C | genet=d | wound=no,Satterthwaite t,2.1899,15.24621,NA,NA,2.3242,,-2.3242,0.244,4.4045,0.0445,"Genet d, unwounded: lower under 31C (-2.3%)",code/12_models.R,output/tables/12_genet_treatment_effects.csv
"Physiology: Growth (% mass change) — contrast: 28C - 31C | genet=d | wound=yes [LMM, Satterthwaite t]",Physiology,Growth (% mass change),LMM,contrast: 28C - 31C | genet=d | wound=yes,Satterthwaite t,2.9599,15.24621,NA,NA,3.1414,,-3.1414,1.0612,5.2217,0.0096,"Genet d, wounded: lower under 31C (-3.1%)",code/12_models.R,output/tables/12_genet_treatment_effects.csv
"Physiology: Growth (% mass change) — LRT: adding genet x treatment x wound x day [LRT (null vs genet x trt), LRT chi-sq]",Physiology,Growth (% mass change),LRT (null vs genet x trt),LRT: adding genet x treatment x wound x day,LRT chi-sq,12.2876,6,NA,48,-0.2876,delta AIC,NA,NA,NA,0.0559,Adding genet x trt improves fit by dAIC=-0.3 (n.s.),code/13_genet_interaction.R,output/tables/13_genet_anova.csv
"Physiology: Growth (% mass change) — treatment: 28C - 31C [tank-level randomization, tank-level exact permutation]",Physiology,Growth (% mass change),tank-level randomization,treatment: 28C - 31C,tank-level exact permutation,2.071,NA,NA,8,2.071,% over 15 d,NA,NA,NA,0.0571,Tank-level heat effect 2.07 pct-points over 15 d (p=0.0571),code/05_buoyant_weight.R,output/tables/05_buoyant_weight_tank_test.csv
"Physiology: PAM Fv/Fm — R2_conditional [LMM, R-squared]",Physiology,PAM Fv/Fm,LMM,R2_conditional,R-squared,0.757,NA,NA,NA,0.757,proportion,NA,NA,NA,NA,R2_conditional = 0.757,code/12_models.R,output/tables/12_r2_summary.csv
"Physiology: PAM Fv/Fm — R2_marginal [LMM, R-squared]",Physiology,PAM Fv/Fm,LMM,R2_marginal,R-squared,0.646,NA,NA,NA,0.646,proportion,NA,NA,NA,NA,R2_marginal = 0.646,code/12_models.R,output/tables/12_r2_summary.csv
"Physiology: PAM Fv/Fm — contrast: 28C - 31C | genet=a | wound=no [LMM, Satterthwaite t]",Physiology,PAM Fv/Fm,LMM,contrast: 28C - 31C | genet=a | wound=no,Satterthwaite t,7.6064,29.20927,NA,NA,0.1306,,-19.5305,0.097,0.1643,0,"Genet a, unwounded: lower under 31C (-19.5%)",code/12_models.R,output/tables/12_genet_treatment_effects.csv
"Physiology: PAM Fv/Fm — contrast: 28C - 31C | genet=a | wound=yes [LMM, Satterthwaite t]",Physiology,PAM Fv/Fm,LMM,contrast: 28C - 31C | genet=a | wound=yes,Satterthwaite t,6.1503,29.20927,NA,NA,0.1056,,-16.1916,0.072,0.1393,0,"Genet a, wounded: lower under 31C (-16.2%)",code/12_models.R,output/tables/12_genet_treatment_effects.csv
"Physiology: PAM Fv/Fm — contrast: 28C - 31C | genet=c | wound=no [LMM, Satterthwaite t]",Physiology,PAM Fv/Fm,LMM,contrast: 28C - 31C | genet=c | wound=no,Satterthwaite t,3.0053,26.22168,NA,NA,0.0501,,-7.3405,0.0174,0.0828,0.0058,"Genet c, unwounded: lower under 31C (-7.3%)",code/12_models.R,output/tables/12_genet_treatment_effects.csv
"Physiology: PAM Fv/Fm — contrast: 28C - 31C | genet=c | wound=yes [LMM, Satterthwaite t]",Physiology,PAM Fv/Fm,LMM,contrast: 28C - 31C | genet=c | wound=yes,Satterthwaite t,0.7641,34.68605,NA,NA,0.0138,,-2.0324,-0.0216,0.0493,0.45,"Genet c, wounded: no change under 31C (-2.0%)",code/12_models.R,output/tables/12_genet_treatment_effects.csv
"Physiology: PAM Fv/Fm — contrast: 28C - 31C | genet=d | wound=no [LMM, Satterthwaite t]",Physiology,PAM Fv/Fm,LMM,contrast: 28C - 31C | genet=d | wound=no,Satterthwaite t,6.6814,29.20927,NA,NA,0.1147,,-17.1591,0.0811,0.1484,0,"Genet d, unwounded: lower under 31C (-17.2%)",code/12_models.R,output/tables/12_genet_treatment_effects.csv
"Physiology: PAM Fv/Fm — contrast: 28C - 31C | genet=d | wound=yes [LMM, Satterthwaite t]",Physiology,PAM Fv/Fm,LMM,contrast: 28C - 31C | genet=d | wound=yes,Satterthwaite t,6.404,29.20927,NA,NA,0.11,,-16.5151,0.0763,0.1436,0,"Genet d, wounded: lower under 31C (-16.5%)",code/12_models.R,output/tables/12_genet_treatment_effects.csv
"Physiology: PAM Fv/Fm — day [LMM, ANOVA F]",Physiology,PAM Fv/Fm,LMM,day,ANOVA F,157.0738,1,228.00007,NA,NA,NA,NA,NA,NA,0,day effect on PAM Fv/Fm (significant),code/12_models.R,output/tables/12_anova_summary.csv
"Physiology: PAM Fv/Fm — day:thicket [LMM, ANOVA F]",Physiology,PAM Fv/Fm,LMM,day:thicket,ANOVA F,14.0247,2,228.00007,NA,NA,NA,NA,NA,NA,0,day:thicket effect on PAM Fv/Fm (significant),code/12_models.R,output/tables/12_anova_summary.csv
"Physiology: PAM Fv/Fm — thicket [LMM, ANOVA F]",Physiology,PAM Fv/Fm,LMM,thicket,ANOVA F,2.4866,2,141.25943,NA,NA,NA,NA,NA,NA,0.0868,thicket effect on PAM Fv/Fm (n.s.),code/12_models.R,output/tables/12_anova_summary.csv
"Physiology: PAM Fv/Fm — treatment [LMM, ANOVA F]",Physiology,PAM Fv/Fm,LMM,treatment,ANOVA F,0.0477,1,7.99574,NA,NA,NA,NA,NA,NA,0.8326,treatment effect on PAM Fv/Fm (n.s.),code/12_models.R,output/tables/12_anova_summary.csv
"Physiology: PAM Fv/Fm — treatment:day [LMM, ANOVA F]",Physiology,PAM Fv/Fm,LMM,treatment:day,ANOVA F,111.6625,1,228.00007,NA,NA,NA,NA,NA,NA,0,treatment:day effect on PAM Fv/Fm (significant),code/12_models.R,output/tables/12_anova_summary.csv
"Physiology: PAM Fv/Fm — treatment:day:thicket [LMM, ANOVA F]",Physiology,PAM Fv/Fm,LMM,treatment:day:thicket,ANOVA F,16.2738,2,228.00007,NA,NA,NA,NA,NA,NA,0,treatment:day:thicket effect on PAM Fv/Fm (significant),code/12_models.R,output/tables/12_anova_summary.csv
"Physiology: PAM Fv/Fm — treatment:thicket [LMM, ANOVA F]",Physiology,PAM Fv/Fm,LMM,treatment:thicket,ANOVA F,1.3664,2,141.25943,NA,NA,NA,NA,NA,NA,0.2584,treatment:thicket effect on PAM Fv/Fm (n.s.),code/12_models.R,output/tables/12_anova_summary.csv
"Physiology: PAM Fv/Fm — treatment:wound [LMM, ANOVA F]",Physiology,PAM Fv/Fm,LMM,treatment:wound,ANOVA F,0.0217,1,140.44524,NA,NA,NA,NA,NA,NA,0.883,treatment:wound effect on PAM Fv/Fm (n.s.),code/12_models.R,output/tables/12_anova_summary.csv
"Physiology: PAM Fv/Fm — treatment:wound:day [LMM, ANOVA F]",Physiology,PAM Fv/Fm,LMM,treatment:wound:day,ANOVA F,1.4151,1,228.00007,NA,NA,NA,NA,NA,NA,0.2354,treatment:wound:day effect on PAM Fv/Fm (n.s.),code/12_models.R,output/tables/12_anova_summary.csv
"Physiology: PAM Fv/Fm — treatment:wound:day:thicket [LMM, ANOVA F]",Physiology,PAM Fv/Fm,LMM,treatment:wound:day:thicket,ANOVA F,2.3686,2,228.00007,NA,NA,NA,NA,NA,NA,0.0959,treatment:wound:day:thicket effect on PAM Fv/Fm (n.s.),code/12_models.R,output/tables/12_anova_summary.csv
"Physiology: PAM Fv/Fm — treatment:wound:thicket [LMM, ANOVA F]",Physiology,PAM Fv/Fm,LMM,treatment:wound:thicket,ANOVA F,2.2601,2,140.45742,NA,NA,NA,NA,NA,NA,0.1081,treatment:wound:thicket effect on PAM Fv/Fm (n.s.),code/12_models.R,output/tables/12_anova_summary.csv
"Physiology: PAM Fv/Fm — wound [LMM, ANOVA F]",Physiology,PAM Fv/Fm,LMM,wound,ANOVA F,0.7418,1,140.44524,NA,NA,NA,NA,NA,NA,0.3905,wound effect on PAM Fv/Fm (n.s.),code/12_models.R,output/tables/12_anova_summary.csv
"Physiology: PAM Fv/Fm — wound:day [LMM, ANOVA F]",Physiology,PAM Fv/Fm,LMM,wound:day,ANOVA F,2.4864,1,228.00007,NA,NA,NA,NA,NA,NA,0.1162,wound:day effect on PAM Fv/Fm (n.s.),code/12_models.R,output/tables/12_anova_summary.csv
"Physiology: PAM Fv/Fm — wound:day:thicket [LMM, ANOVA F]",Physiology,PAM Fv/Fm,LMM,wound:day:thicket,ANOVA F,0.6272,2,228.00007,NA,NA,NA,NA,NA,NA,0.535,wound:day:thicket effect on PAM Fv/Fm (n.s.),code/12_models.R,output/tables/12_anova_summary.csv
"Physiology: PAM Fv/Fm — wound:thicket [LMM, ANOVA F]",Physiology,PAM Fv/Fm,LMM,wound:thicket,ANOVA F,0.6826,2,140.45742,NA,NA,NA,NA,NA,NA,0.507,wound:thicket effect on PAM Fv/Fm (n.s.),code/12_models.R,output/tables/12_anova_summary.csv
"Physiology: PAM Fv/Fm — LRT: adding genet x treatment x wound x day [LRT (null vs genet x trt), LRT chi-sq]",Physiology,PAM Fv/Fm,LRT (null vs genet x trt),LRT: adding genet x treatment x wound x day,LRT chi-sq,78.0936,14,NA,288,-50.0936,delta AIC,NA,NA,NA,0,Adding genet x trt improves fit by dAIC=-50.1 (sig),code/13_genet_interaction.R,output/tables/13_genet_anova.csv
"Physiology: Symbiont density (cells cm-2) — mean(28C, day 1) [raw summary, mean]",Physiology,Symbiont density (cells cm-2),raw summary,"mean(28C, day 1)",mean,1165429.2199,NA,NA,24,1165429.2199,cells cm-2,NA,NA,NA,NA,"28C, biopsy day 1: 1.17e+06 cells cm-2 (n=24)",code/06_symbiont_chl.R (raw),data/processed/symbiont_chl_clean.rds
"Physiology: Symbiont density (cells cm-2) — mean(28C, day 15) [raw summary, mean]",Physiology,Symbiont density (cells cm-2),raw summary,"mean(28C, day 15)",mean,967415.2113,NA,NA,24,967415.2113,cells cm-2,NA,NA,NA,NA,"28C, biopsy day 15: 9.67e+05 cells cm-2 (n=24)",code/06_symbiont_chl.R (raw),data/processed/symbiont_chl_clean.rds
"Physiology: Symbiont density (cells cm-2) — mean(31C, day 1) [raw summary, mean]",Physiology,Symbiont density (cells cm-2),raw summary,"mean(31C, day 1)",mean,750659.8688,NA,NA,24,750659.8688,cells cm-2,NA,NA,NA,NA,"31C, biopsy day 1: 7.51e+05 cells cm-2 (n=24)",code/06_symbiont_chl.R (raw),data/processed/symbiont_chl_clean.rds
"Physiology: Symbiont density (cells cm-2) — mean(31C, day 15) [raw summary, mean]",Physiology,Symbiont density (cells cm-2),raw summary,"mean(31C, day 15)",mean,208909.4796,NA,NA,24,208909.4796,cells cm-2,NA,NA,NA,NA,"31C, biopsy day 15: 2.09e+05 cells cm-2 (n=24)",code/06_symbiont_chl.R (raw),data/processed/symbiont_chl_clean.rds
"Physiology: growth_sgr — R2_conditional [LMM, R-squared]",Physiology,growth_sgr,LMM,R2_conditional,R-squared,0.706,NA,NA,NA,0.706,proportion,NA,NA,NA,NA,R2_conditional = 0.706,code/12_models.R,output/tables/12_r2_summary.csv
"Physiology: growth_sgr — R2_marginal [LMM, R-squared]",Physiology,growth_sgr,LMM,R2_marginal,R-squared,0.384,NA,NA,NA,0.384,proportion,NA,NA,NA,NA,R2_marginal = 0.384,code/12_models.R,output/tables/12_r2_summary.csv
"Physiology: growth_sgr — thicket [LMM, ANOVA F]",Physiology,growth_sgr,LMM,thicket,ANOVA F,0.6697,2,30.02314,NA,NA,NA,NA,NA,NA,0.5193,thicket effect on growth_sgr (n.s.),code/12_models.R,output/tables/12_anova_summary.csv
"Physiology: growth_sgr — treatment [LMM, ANOVA F]",Physiology,growth_sgr,LMM,treatment,ANOVA F,6.249,1,6.0165,NA,NA,NA,NA,NA,NA,0.0464,treatment effect on growth_sgr (significant),code/12_models.R,output/tables/12_anova_summary.csv
"Physiology: growth_sgr — treatment:thicket [LMM, ANOVA F]",Physiology,growth_sgr,LMM,treatment:thicket,ANOVA F,3.9741,2,30.02314,NA,NA,NA,NA,NA,NA,0.0294,treatment:thicket effect on growth_sgr (significant),code/12_models.R,output/tables/12_anova_summary.csv
"Physiology: growth_sgr — treatment:wound [LMM, ANOVA F]",Physiology,growth_sgr,LMM,treatment:wound,ANOVA F,0.0138,1,30.12023,NA,NA,NA,NA,NA,NA,0.9072,treatment:wound effect on growth_sgr (n.s.),code/12_models.R,output/tables/12_anova_summary.csv
"Physiology: growth_sgr — treatment:wound:thicket [LMM, ANOVA F]",Physiology,growth_sgr,LMM,treatment:wound:thicket,ANOVA F,1.415,2,30.11794,NA,NA,NA,NA,NA,NA,0.2586,treatment:wound:thicket effect on growth_sgr (n.s.),code/12_models.R,output/tables/12_anova_summary.csv
"Physiology: growth_sgr — wound [LMM, ANOVA F]",Physiology,growth_sgr,LMM,wound,ANOVA F,0.8731,1,30.12023,NA,NA,NA,NA,NA,NA,0.3575,wound effect on growth_sgr (n.s.),code/12_models.R,output/tables/12_anova_summary.csv
"Physiology: growth_sgr — wound:thicket [LMM, ANOVA F]",Physiology,growth_sgr,LMM,wound:thicket,ANOVA F,0.2451,2,30.11794,NA,NA,NA,NA,NA,NA,0.7842,wound:thicket effect on growth_sgr (n.s.),code/12_models.R,output/tables/12_anova_summary.csv
"Physiology: ln symbionts cm-2 — R2_conditional [LMM, R-squared]",Physiology,ln symbionts cm-2,LMM,R2_conditional,R-squared,0.758,NA,NA,NA,0.758,proportion,NA,NA,NA,NA,R2_conditional = 0.758,code/12_models.R,output/tables/12_r2_summary.csv
"Physiology: ln symbionts cm-2 — R2_marginal [LMM, R-squared]",Physiology,ln symbionts cm-2,LMM,R2_marginal,R-squared,0.719,NA,NA,NA,0.719,proportion,NA,NA,NA,NA,R2_marginal = 0.719,code/12_models.R,output/tables/12_r2_summary.csv
"Physiology: ln symbionts cm-2 — biopsy_day_c [LMM, ANOVA F]",Physiology,ln symbionts cm-2,LMM,biopsy_day_c,ANOVA F,122.6596,1,162.0047,NA,NA,NA,NA,NA,NA,0,biopsy_day_c effect on ln symbionts cm-2 (significant),code/12_models.R,output/tables/12_anova_summary.csv
"Physiology: ln symbionts cm-2 — biopsy_day_c:thicket [LMM, ANOVA F]",Physiology,ln symbionts cm-2,LMM,biopsy_day_c:thicket,ANOVA F,8.8554,2,162.00469,NA,NA,NA,NA,NA,NA,2e-4,biopsy_day_c:thicket effect on ln symbionts cm-2 (significant),code/12_models.R,output/tables/12_anova_summary.csv
"Physiology: ln symbionts cm-2 — contrast: 28C - 31C | genet=a | wound=no [LMM, Satterthwaite t]",Physiology,ln symbionts cm-2,LMM,contrast: 28C - 31C | genet=a | wound=no,Satterthwaite t,8.7096,81.21932,NA,NA,2.636,,-92.8356,2.0428,3.2293,0,"Genet a, unwounded: lower under 31C (-92.8%)",code/12_models.R,output/tables/12_genet_treatment_effects.csv
"Physiology: ln symbionts cm-2 — contrast: 28C - 31C | genet=a | wound=yes [LMM, Satterthwaite t]",Physiology,ln symbionts cm-2,LMM,contrast: 28C - 31C | genet=a | wound=yes,Satterthwaite t,7.6295,81.21932,NA,NA,2.3091,,-90.0653,1.7159,2.9024,0,"Genet a, wounded: lower under 31C (-90.1%)",code/12_models.R,output/tables/12_genet_treatment_effects.csv
"Physiology: ln symbionts cm-2 — contrast: 28C - 31C | genet=c | wound=no [LMM, Satterthwaite t]",Physiology,ln symbionts cm-2,LMM,contrast: 28C - 31C | genet=c | wound=no,Satterthwaite t,3.4908,74.76584,NA,NA,1.0234,,-64.0622,0.4488,1.598,8e-4,"Genet c, unwounded: lower under 31C (-64.1%)",code/12_models.R,output/tables/12_genet_treatment_effects.csv
"Physiology: ln symbionts cm-2 — contrast: 28C - 31C | genet=c | wound=yes [LMM, Satterthwaite t]",Physiology,ln symbionts cm-2,LMM,contrast: 28C - 31C | genet=c | wound=yes,Satterthwaite t,2.5198,89.95619,NA,NA,0.798,,-54.9789,0.1773,1.4188,0.0135,"Genet c, wounded: lower under 31C (-55.0%)",code/12_models.R,output/tables/12_genet_treatment_effects.csv
"Physiology: ln symbionts cm-2 — contrast: 28C - 31C | genet=d | wound=no [LMM, Satterthwaite t]",Physiology,ln symbionts cm-2,LMM,contrast: 28C - 31C | genet=d | wound=no,Satterthwaite t,8.4506,81.21932,NA,NA,2.5577,,-92.2513,1.9644,3.1509,0,"Genet d, unwounded: lower under 31C (-92.3%)",code/12_models.R,output/tables/12_genet_treatment_effects.csv
"Physiology: ln symbionts cm-2 — contrast: 28C - 31C | genet=d | wound=yes [LMM, Satterthwaite t]",Physiology,ln symbionts cm-2,LMM,contrast: 28C - 31C | genet=d | wound=yes,Satterthwaite t,6.6242,81.21932,NA,NA,2.0049,,-86.5324,1.4117,2.5981,0,"Genet d, wounded: lower under 31C (-86.5%)",code/12_models.R,output/tables/12_genet_treatment_effects.csv
"Physiology: ln symbionts cm-2 — thicket [LMM, ANOVA F]",Physiology,ln symbionts cm-2,LMM,thicket,ANOVA F,0.7074,2,162.00189,NA,NA,NA,NA,NA,NA,0.4944,thicket effect on ln symbionts cm-2 (n.s.),code/12_models.R,output/tables/12_anova_summary.csv
"Physiology: ln symbionts cm-2 — treatment [LMM, ANOVA F]",Physiology,ln symbionts cm-2,LMM,treatment,ANOVA F,3.352,1,9.45363,NA,NA,NA,NA,NA,NA,0.0988,treatment effect on ln symbionts cm-2 (n.s.),code/12_models.R,output/tables/12_anova_summary.csv
"Physiology: ln symbionts cm-2 — treatment:biopsy_day_c [LMM, ANOVA F]",Physiology,ln symbionts cm-2,LMM,treatment:biopsy_day_c,ANOVA F,93.969,1,162.0047,NA,NA,NA,NA,NA,NA,0,treatment:biopsy_day_c effect on ln symbionts cm-2 (significant),code/12_models.R,output/tables/12_anova_summary.csv
"Physiology: ln symbionts cm-2 — treatment:biopsy_day_c:thicket [LMM, ANOVA F]",Physiology,ln symbionts cm-2,LMM,treatment:biopsy_day_c:thicket,ANOVA F,6.3446,2,162.00469,NA,NA,NA,NA,NA,NA,0.0022,treatment:biopsy_day_c:thicket effect on ln symbionts cm-2 (significant),code/12_models.R,output/tables/12_anova_summary.csv
"Physiology: ln symbionts cm-2 — treatment:thicket [LMM, ANOVA F]",Physiology,ln symbionts cm-2,LMM,treatment:thicket,ANOVA F,0.7025,2,162.00189,NA,NA,NA,NA,NA,NA,0.4968,treatment:thicket effect on ln symbionts cm-2 (n.s.),code/12_models.R,output/tables/12_anova_summary.csv
"Physiology: ln symbionts cm-2 — treatment:wound [LMM, ANOVA F]",Physiology,ln symbionts cm-2,LMM,treatment:wound,ANOVA F,0.3485,1,162.00808,NA,NA,NA,NA,NA,NA,0.5558,treatment:wound effect on ln symbionts cm-2 (n.s.),code/12_models.R,output/tables/12_anova_summary.csv
"Physiology: ln symbionts cm-2 — treatment:wound:biopsy_day_c [LMM, ANOVA F]",Physiology,ln symbionts cm-2,LMM,treatment:wound:biopsy_day_c,ANOVA F,2.1714,1,162.09185,NA,NA,NA,NA,NA,NA,0.1425,treatment:wound:biopsy_day_c effect on ln symbionts cm-2 (n.s.),code/12_models.R,output/tables/12_anova_summary.csv
"Physiology: ln symbionts cm-2 — treatment:wound:biopsy_day_c:thicket [LMM, ANOVA F]",Physiology,ln symbionts cm-2,LMM,treatment:wound:biopsy_day_c:thicket,ANOVA F,0.21,2,162.09134,NA,NA,NA,NA,NA,NA,0.8108,treatment:wound:biopsy_day_c:thicket effect on ln symbionts cm-2 (n.s.),code/12_models.R,output/tables/12_anova_summary.csv
"Physiology: ln symbionts cm-2 — treatment:wound:thicket [LMM, ANOVA F]",Physiology,ln symbionts cm-2,LMM,treatment:wound:thicket,ANOVA F,0.3976,2,162.00808,NA,NA,NA,NA,NA,NA,0.6726,treatment:wound:thicket effect on ln symbionts cm-2 (n.s.),code/12_models.R,output/tables/12_anova_summary.csv
"Physiology: ln symbionts cm-2 — wound [LMM, ANOVA F]",Physiology,ln symbionts cm-2,LMM,wound,ANOVA F,2e-4,1,162.00808,NA,NA,NA,NA,NA,NA,0.9883,wound effect on ln symbionts cm-2 (n.s.),code/12_models.R,output/tables/12_anova_summary.csv
"Physiology: ln symbionts cm-2 — wound:biopsy_day_c [LMM, ANOVA F]",Physiology,ln symbionts cm-2,LMM,wound:biopsy_day_c,ANOVA F,0.5228,1,162.09185,NA,NA,NA,NA,NA,NA,0.4707,wound:biopsy_day_c effect on ln symbionts cm-2 (n.s.),code/12_models.R,output/tables/12_anova_summary.csv
"Physiology: ln symbionts cm-2 — wound:biopsy_day_c:thicket [LMM, ANOVA F]",Physiology,ln symbionts cm-2,LMM,wound:biopsy_day_c:thicket,ANOVA F,0.1358,2,162.09134,NA,NA,NA,NA,NA,NA,0.8732,wound:biopsy_day_c:thicket effect on ln symbionts cm-2 (n.s.),code/12_models.R,output/tables/12_anova_summary.csv
"Physiology: ln symbionts cm-2 — wound:thicket [LMM, ANOVA F]",Physiology,ln symbionts cm-2,LMM,wound:thicket,ANOVA F,0.5046,2,162.00808,NA,NA,NA,NA,NA,NA,0.6047,wound:thicket effect on ln symbionts cm-2 (n.s.),code/12_models.R,output/tables/12_anova_summary.csv
"Physiology: log_zoox — LRT: adding genet x treatment x wound x day [LRT (null vs genet x trt), LRT chi-sq]",Physiology,log_zoox,LRT (null vs genet x trt),LRT: adding genet x treatment x wound x day,LRT chi-sq,64.2964,14,NA,192,-36.2964,delta AIC,NA,NA,NA,0,Adding genet x trt improves fit by dAIC=-36.3 (sig),code/13_genet_interaction.R,output/tables/13_genet_anova.csv
"Survival: Axial polyp formation — HR 31C/28C [genet=a] [Cox PH, Wald z]",Survival,Axial polyp formation,Cox PH,HR 31C/28C [genet=a],Wald z,0.5105,1,NA,8,1.4397,hazard ratio,43.9708,0.3553,5.8344,0.6097,"axial_polyp_formation: no detectable change under 31C (HR=1.44, n.s.)",code/14_morphology_kaplan.R,output/tables/14_cox_hazard_ratios.csv
"Survival: Axial polyp formation — HR 31C/28C [genet=c] [Cox PH, Wald z]",Survival,Axial polyp formation,Cox PH,HR 31C/28C [genet=c],Wald z,0.2671,1,NA,8,1.2094,hazard ratio,20.9432,0.2997,4.8805,0.7894,"axial_polyp_formation: no detectable change under 31C (HR=1.21, n.s.)",code/14_morphology_kaplan.R,output/tables/14_cox_hazard_ratios.csv
"Survival: Axial polyp formation — HR 31C/28C [genet=d] [Cox PH, Wald z]",Survival,Axial polyp formation,Cox PH,HR 31C/28C [genet=d],Wald z,0.547,1,NA,8,1.5232,hazard ratio,52.3217,0.3372,6.8814,0.5844,"axial_polyp_formation: no detectable change under 31C (HR=1.52, n.s.)",code/14_morphology_kaplan.R,output/tables/14_cox_hazard_ratios.csv
"Survival: Axial polyp formation — HR 31C/28C [overall first-observed approximation (strata=thicket)] [Cox PH, Wald z]",Survival,Axial polyp formation,Cox PH,HR 31C/28C [overall first-observed approximation (strata=thicket)],Wald z,0.7608,1,NA,24,1.3778,hazard ratio,37.7777,0.6034,3.1459,0.4468,"axial_polyp_formation: no detectable change under 31C (HR=1.38, n.s.)",code/14_morphology_kaplan.R,output/tables/14_cox_hazard_ratios.csv
"Survival: Axial polyp formation — LRT: genet main effect [Cox PH, LRT chi-sq]",Survival,Axial polyp formation,Cox PH,LRT: genet main effect,LRT chi-sq,1.1333,2,NA,NA,NA,NA,NA,NA,NA,0.5674,Genet main effect on axial_polyp_formation healing: n.s.,code/14_morphology_kaplan.R,output/tables/14_cox_genet_LRT.csv
"Survival: Axial polyp formation — LRT: genet x treatment [Cox PH, LRT chi-sq]",Survival,Axial polyp formation,Cox PH,LRT: genet x treatment,LRT chi-sq,0.0216,2,NA,NA,NA,NA,NA,NA,NA,0.9893,Genet x treatment on axial_polyp_formation healing: n.s.,code/14_morphology_kaplan.R,output/tables/14_cox_genet_LRT.csv
"Survival: Axial polyp formation — time ratio 31C/28C [interval-censored Weibull AFT, Wald z]",Survival,Axial polyp formation,interval-censored Weibull AFT,time ratio 31C/28C,Wald z,-0.7479,1,NA,24,0.8947,time ratio,-10.5338,0.6683,1.1977,0.4545,"axial_polyp_formation: no detectable timing change at 31C (time ratio=0.89, n.s.). first observed axial polyp / central hole",code/14_morphology_kaplan.R,output/tables/14_interval_survreg.csv
"Survival: New corallites on tip — HR 31C/28C [genet=a] [Cox PH, Wald z]",Survival,New corallites on tip,Cox PH,HR 31C/28C [genet=a],Wald z,-0.001,1,NA,8,0,hazard ratio,-100,0,Inf,0.9992,"new_corallites_on_tip: no detectable change under 31C (HR=0.00, n.s.)",code/14_morphology_kaplan.R,output/tables/14_cox_hazard_ratios.csv
"Survival: New corallites on tip — HR 31C/28C [genet=c] [Cox PH, Wald z]",Survival,New corallites on tip,Cox PH,HR 31C/28C [genet=c],Wald z,-0.5886,1,NA,8,0.6375,hazard ratio,-36.2531,0.1423,2.8548,0.5561,"new_corallites_on_tip: no detectable change under 31C (HR=0.64, n.s.)",code/14_morphology_kaplan.R,output/tables/14_cox_hazard_ratios.csv
"Survival: New corallites on tip — HR 31C/28C [genet=d] [Cox PH, Wald z]",Survival,New corallites on tip,Cox PH,HR 31C/28C [genet=d],Wald z,-1.7508,1,NA,8,0.1352,hazard ratio,-86.4837,0.0144,1.2701,0.08,"new_corallites_on_tip: no detectable change under 31C (HR=0.14, n.s.)",code/14_morphology_kaplan.R,output/tables/14_cox_hazard_ratios.csv
"Survival: New corallites on tip — HR 31C/28C [overall first-observed approximation (strata=thicket)] [Cox PH, Wald z]",Survival,New corallites on tip,Cox PH,HR 31C/28C [overall first-observed approximation (strata=thicket)],Wald z,-2.5922,1,NA,24,0.2166,hazard ratio,-78.3444,0.0681,0.6886,0.0095,"new_corallites_on_tip: delayed onset under 31C (HR=0.22, sig)",code/14_morphology_kaplan.R,output/tables/14_cox_hazard_ratios.csv
"Survival: New corallites on tip — LRT: genet main effect [Cox PH, LRT chi-sq]",Survival,New corallites on tip,Cox PH,LRT: genet main effect,LRT chi-sq,1.3783,2,NA,NA,NA,NA,NA,NA,NA,0.502,Genet main effect on new_corallites_on_tip healing: n.s.,code/14_morphology_kaplan.R,output/tables/14_cox_genet_LRT.csv
"Survival: New corallites on tip — LRT: genet x treatment [Cox PH, LRT chi-sq]",Survival,New corallites on tip,Cox PH,LRT: genet x treatment,LRT chi-sq,11.3023,2,NA,NA,NA,NA,NA,NA,NA,0.0035,Genet x treatment on new_corallites_on_tip healing: sig,code/14_morphology_kaplan.R,output/tables/14_cox_genet_LRT.csv
"Survival: New corallites on tip — time ratio 31C/28C [interval-censored Weibull AFT, Wald z]",Survival,New corallites on tip,interval-censored Weibull AFT,time ratio 31C/28C,Wald z,5.267,1,NA,24,1.3211,time ratio,32.1061,1.191,1.4653,0,"new_corallites_on_tip: later first expression at 31C (time ratio=1.32, sig). first observed new corallites on tip",code/14_morphology_kaplan.R,output/tables/14_interval_survreg.csv
"Survival: Pigment over wound — HR 31C/28C [genet=c] [Cox PH, Wald z]",Survival,Pigment over wound,Cox PH,HR 31C/28C [genet=c],Wald z,1.4857,1,NA,8,5.4635,hazard ratio,446.355,0.5816,51.3271,0.1374,"pigment_over_wound: no detectable change under 31C (HR=5.46, n.s.)",code/14_morphology_kaplan.R,output/tables/14_cox_hazard_ratios.csv
"Survival: Pigment over wound — HR 31C/28C [genet=d] [Cox PH, Wald z]",Survival,Pigment over wound,Cox PH,HR 31C/28C [genet=d],Wald z,-9e-4,1,NA,8,0,hazard ratio,-100,0,Inf,0.9993,"pigment_over_wound: no detectable change under 31C (HR=0.00, n.s.)",code/14_morphology_kaplan.R,output/tables/14_cox_hazard_ratios.csv
"Survival: Pigment over wound — HR 31C/28C [overall first-observed approximation (strata=thicket)] [Cox PH, Wald z]",Survival,Pigment over wound,Cox PH,HR 31C/28C [overall first-observed approximation (strata=thicket)],Wald z,0.7143,1,NA,24,1.6038,hazard ratio,60.3814,0.4387,5.8628,0.4751,"pigment_over_wound: no detectable change under 31C (HR=1.60, n.s.)",code/14_morphology_kaplan.R,output/tables/14_cox_hazard_ratios.csv
"Survival: Pigment over wound — LRT: genet main effect [Cox PH, LRT chi-sq]",Survival,Pigment over wound,Cox PH,LRT: genet main effect,LRT chi-sq,1.1595,2,NA,NA,NA,NA,NA,NA,NA,0.56,Genet main effect on pigment_over_wound healing: n.s.,code/14_morphology_kaplan.R,output/tables/14_cox_genet_LRT.csv
"Survival: Pigment over wound — LRT: genet x treatment [Cox PH, LRT chi-sq]",Survival,Pigment over wound,Cox PH,LRT: genet x treatment,LRT chi-sq,13.275,2,NA,NA,NA,NA,NA,NA,NA,0.0013,Genet x treatment on pigment_over_wound healing: sig,code/14_morphology_kaplan.R,output/tables/14_cox_genet_LRT.csv
"Survival: Pigment over wound — tt(treatment) [genet=c (tt log(t+1))] [Cox PH (time-varying), Wald z]",Survival,Pigment over wound,Cox PH (time-varying),tt(treatment) [genet=c (tt log(t+1))],Wald z,1.5247,1,NA,8,0.6514,log-HR slope vs log(t+1),NA,-0.186,1.4888,0.1273,PH-corrected per-genet test (genet=c (tt log(t+1))): n.s. — original per-genet HR was inflated by PH violation. time-varying coefficient on treatment; HR is exp(coef * log(t+1)),code/14_morphology_kaplan.R,output/tables/14c_cox_tt_pigment_genetC.csv
"Survival: Pigment over wound — time ratio 31C/28C [interval-censored Weibull AFT, Wald z]",Survival,Pigment over wound,interval-censored Weibull AFT,time ratio 31C/28C,Wald z,-0.3317,1,NA,24,0.8346,time ratio,-16.5416,0.2868,2.429,0.7401,"pigment_over_wound: no detectable timing change at 31C (time ratio=0.83, n.s.). first observed pigment over wound; expression can be non-monotonic",code/14_morphology_kaplan.R,output/tables/14_interval_survreg.csv
"Survival: Tip exist — HR 31C/28C [genet=a] [Cox PH, Wald z]",Survival,Tip exist,Cox PH,HR 31C/28C [genet=a],Wald z,-1.3152,1,NA,8,0.3123,hazard ratio,-68.7735,0.0551,1.7692,0.1884,"tip_exist: no detectable change under 31C (HR=0.31, n.s.)",code/14_morphology_kaplan.R,output/tables/14_cox_hazard_ratios.csv
"Survival: Tip exist — HR 31C/28C [genet=c] [Cox PH, Wald z]",Survival,Tip exist,Cox PH,HR 31C/28C [genet=c],Wald z,0.4138,1,NA,8,1.3411,hazard ratio,34.1106,0.334,5.3847,0.679,"tip_exist: no detectable change under 31C (HR=1.34, n.s.)",code/14_morphology_kaplan.R,output/tables/14_cox_hazard_ratios.csv
"Survival: Tip exist — HR 31C/28C [genet=d] [Cox PH, Wald z]",Survival,Tip exist,Cox PH,HR 31C/28C [genet=d],Wald z,-0.7471,1,NA,8,0.5616,hazard ratio,-43.8406,0.1236,2.5517,0.455,"tip_exist: no detectable change under 31C (HR=0.56, n.s.)",code/14_morphology_kaplan.R,output/tables/14_cox_hazard_ratios.csv
"Survival: Tip exist — HR 31C/28C [overall first-observed approximation (strata=thicket)] [Cox PH, Wald z]",Survival,Tip exist,Cox PH,HR 31C/28C [overall first-observed approximation (strata=thicket)],Wald z,-0.8997,1,NA,24,0.6663,hazard ratio,-33.3749,0.2751,1.6137,0.3683,"tip_exist: no detectable change under 31C (HR=0.67, n.s.)",code/14_morphology_kaplan.R,output/tables/14_cox_hazard_ratios.csv
"Survival: Tip exist — LRT: genet main effect [Cox PH, LRT chi-sq]",Survival,Tip exist,Cox PH,LRT: genet main effect,LRT chi-sq,3.8112,2,NA,NA,NA,NA,NA,NA,NA,0.1487,Genet main effect on tip_exist healing: n.s.,code/14_morphology_kaplan.R,output/tables/14_cox_genet_LRT.csv
"Survival: Tip exist — LRT: genet x treatment [Cox PH, LRT chi-sq]",Survival,Tip exist,Cox PH,LRT: genet x treatment,LRT chi-sq,2.3844,2,NA,NA,NA,NA,NA,NA,NA,0.3036,Genet x treatment on tip_exist healing: n.s.,code/14_morphology_kaplan.R,output/tables/14_cox_genet_LRT.csv
"Survival: Tip exist — time ratio 31C/28C [interval-censored Weibull AFT, Wald z]",Survival,Tip exist,interval-censored Weibull AFT,time ratio 31C/28C,Wald z,2.1021,1,NA,24,1.1179,time ratio,11.7861,1.0076,1.2402,0.0355,"tip_exist: later first expression at 31C (time ratio=1.12, sig). first observed visible tip; expression can be non-monotonic",code/14_morphology_kaplan.R,output/tables/14_interval_survreg.csv
"Survival: Tip extension — HR 31C/28C [genet=a] [Cox PH, Wald z]",Survival,Tip extension,Cox PH,HR 31C/28C [genet=a],Wald z,0,1,NA,8,1,hazard ratio,0,0.2501,3.9984,1,"tip_extension: no detectable change under 31C (HR=1.00, n.s.)",code/14_morphology_kaplan.R,output/tables/14_cox_hazard_ratios.csv
"Survival: Tip extension — HR 31C/28C [genet=c] [Cox PH, Wald z]",Survival,Tip extension,Cox PH,HR 31C/28C [genet=c],Wald z,-0.1454,1,NA,8,0.8932,hazard ratio,-10.6807,0.1949,4.0928,0.8844,"tip_extension: no detectable change under 31C (HR=0.89, n.s.)",code/14_morphology_kaplan.R,output/tables/14_cox_hazard_ratios.csv
"Survival: Tip extension — HR 31C/28C [genet=d] [Cox PH, Wald z]",Survival,Tip extension,Cox PH,HR 31C/28C [genet=d],Wald z,-0.7471,1,NA,8,0.5616,hazard ratio,-43.8406,0.1236,2.5517,0.455,"tip_extension: no detectable change under 31C (HR=0.56, n.s.)",code/14_morphology_kaplan.R,output/tables/14_cox_hazard_ratios.csv
"Survival: Tip extension — HR 31C/28C [overall first-observed approximation (strata=thicket)] [Cox PH, Wald z]",Survival,Tip extension,Cox PH,HR 31C/28C [overall first-observed approximation (strata=thicket)],Wald z,-0.5056,1,NA,24,0.8039,hazard ratio,-19.611,0.3449,1.8738,0.6131,"tip_extension: no detectable change under 31C (HR=0.80, n.s.)",code/14_morphology_kaplan.R,output/tables/14_cox_hazard_ratios.csv
"Survival: Tip extension — LRT: genet main effect [Cox PH, LRT chi-sq]",Survival,Tip extension,Cox PH,LRT: genet main effect,LRT chi-sq,3.4675,2,NA,NA,NA,NA,NA,NA,NA,0.1766,Genet main effect on tip_extension healing: n.s.,code/14_morphology_kaplan.R,output/tables/14_cox_genet_LRT.csv
"Survival: Tip extension — LRT: genet x treatment [Cox PH, LRT chi-sq]",Survival,Tip extension,Cox PH,LRT: genet x treatment,LRT chi-sq,0.9264,2,NA,NA,NA,NA,NA,NA,NA,0.6293,Genet x treatment on tip_extension healing: n.s.,code/14_morphology_kaplan.R,output/tables/14_cox_genet_LRT.csv
"Survival: Tip extension — time ratio 31C/28C [interval-censored Weibull AFT, Wald z]",Survival,Tip extension,interval-censored Weibull AFT,time ratio 31C/28C,Wald z,1.3399,1,NA,24,1.1636,time ratio,16.3568,0.9323,1.4522,0.1803,"tip_extension: no detectable timing change at 31C (time ratio=1.16, n.s.). first observed tip extension; expression can be non-monotonic",code/14_morphology_kaplan.R,output/tables/14_interval_survreg.csv
"Survival: Wound smoothed — HR 31C/28C [genet=a] [Cox PH, Wald z]",Survival,Wound smoothed,Cox PH,HR 31C/28C [genet=a],Wald z,0,1,NA,8,1,hazard ratio,0,0.2501,3.9984,1,"wound_smoothed: no detectable change under 31C (HR=1.00, n.s.)",code/14_morphology_kaplan.R,output/tables/14_cox_hazard_ratios.csv
"Survival: Wound smoothed — HR 31C/28C [genet=c] [Cox PH, Wald z]",Survival,Wound smoothed,Cox PH,HR 31C/28C [genet=c],Wald z,0.7471,1,NA,8,1.7806,hazard ratio,78.0647,0.3919,8.0907,0.455,"wound_smoothed: no detectable change under 31C (HR=1.78, n.s.)",code/14_morphology_kaplan.R,output/tables/14_cox_hazard_ratios.csv
"Survival: Wound smoothed — HR 31C/28C [genet=d] [Cox PH, Wald z]",Survival,Wound smoothed,Cox PH,HR 31C/28C [genet=d],Wald z,1.3152,1,NA,8,3.2024,hazard ratio,220.2407,0.5652,18.1442,0.1884,"wound_smoothed: no detectable change under 31C (HR=3.20, n.s.)",code/14_morphology_kaplan.R,output/tables/14_cox_hazard_ratios.csv
"Survival: Wound smoothed — HR 31C/28C [overall first-observed approximation (strata=thicket)] [Cox PH, Wald z]",Survival,Wound smoothed,Cox PH,HR 31C/28C [overall first-observed approximation (strata=thicket)],Wald z,1.1462,1,NA,24,1.6697,hazard ratio,66.9703,0.6949,4.012,0.2517,"wound_smoothed: no detectable change under 31C (HR=1.67, n.s.)",code/14_morphology_kaplan.R,output/tables/14_cox_hazard_ratios.csv
"Survival: Wound smoothed — LRT: genet main effect [Cox PH, LRT chi-sq]",Survival,Wound smoothed,Cox PH,LRT: genet main effect,LRT chi-sq,0.4831,2,NA,NA,NA,NA,NA,NA,NA,0.7854,Genet main effect on wound_smoothed healing: n.s.,code/14_morphology_kaplan.R,output/tables/14_cox_genet_LRT.csv
"Survival: Wound smoothed — LRT: genet x treatment [Cox PH, LRT chi-sq]",Survival,Wound smoothed,Cox PH,LRT: genet x treatment,LRT chi-sq,1.1107,2,NA,NA,NA,NA,NA,NA,NA,0.5739,Genet x treatment on wound_smoothed healing: n.s.,code/14_morphology_kaplan.R,output/tables/14_cox_genet_LRT.csv
"Survival: Wound smoothed — time ratio 31C/28C [interval-censored Weibull AFT, Wald z]",Survival,Wound smoothed,interval-censored Weibull AFT,time ratio 31C/28C,Wald z,-2.2833,1,NA,24,0.8314,time ratio,-16.8598,0.7095,0.9742,0.0224,"wound_smoothed: earlier first expression at 31C (time ratio=0.83, sig). first observed smoothed wound surface",code/14_morphology_kaplan.R,output/tables/14_interval_survreg.csv
"Survival diagnostic: Axial polyp formation — proportional-hazards test (treatment) [cox.zph (Schoenfeld), cox.zph chi-sq]",Survival diagnostic,Axial polyp formation,cox.zph (Schoenfeld),proportional-hazards test (treatment),cox.zph chi-sq,0.0846,1,NA,24,NA,NA,NA,NA,NA,0.7712,PH assumption met (p>=0.05),code/14_morphology_kaplan.R,output/tables/14_cox_ph_tests.csv
"Survival diagnostic: New corallites on tip — proportional-hazards test (treatment) [cox.zph (Schoenfeld), cox.zph chi-sq]",Survival diagnostic,New corallites on tip,cox.zph (Schoenfeld),proportional-hazards test (treatment),cox.zph chi-sq,3.5605,1,NA,16,NA,NA,NA,NA,NA,0.0592,PH assumption met (p>=0.05),code/14_morphology_kaplan.R,output/tables/14_cox_ph_tests.csv
"Survival diagnostic: Pigment over wound — proportional-hazards test (treatment) [cox.zph (Schoenfeld), cox.zph chi-sq]",Survival diagnostic,Pigment over wound,cox.zph (Schoenfeld),proportional-hazards test (treatment),cox.zph chi-sq,3.3062,1,NA,10,NA,NA,NA,NA,NA,0.069,PH assumption met (p>=0.05),code/14_morphology_kaplan.R,output/tables/14_cox_ph_tests.csv
"Survival diagnostic: Tip exist — proportional-hazards test (treatment) [cox.zph (Schoenfeld), cox.zph chi-sq]",Survival diagnostic,Tip exist,cox.zph (Schoenfeld),proportional-hazards test (treatment),cox.zph chi-sq,0.2562,1,NA,24,NA,NA,NA,NA,NA,0.6127,PH assumption met (p>=0.05),code/14_morphology_kaplan.R,output/tables/14_cox_ph_tests.csv
"Survival diagnostic: Tip extension — proportional-hazards test (treatment) [cox.zph (Schoenfeld), cox.zph chi-sq]",Survival diagnostic,Tip extension,cox.zph (Schoenfeld),proportional-hazards test (treatment),cox.zph chi-sq,2.5522,1,NA,22,NA,NA,NA,NA,NA,0.1101,PH assumption met (p>=0.05),code/14_morphology_kaplan.R,output/tables/14_cox_ph_tests.csv
"Survival diagnostic: Wound smoothed — proportional-hazards test (treatment) [cox.zph (Schoenfeld), cox.zph chi-sq]",Survival diagnostic,Wound smoothed,cox.zph (Schoenfeld),proportional-hazards test (treatment),cox.zph chi-sq,0.1482,1,NA,24,NA,NA,NA,NA,NA,0.7003,PH assumption met (p>=0.05),code/14_morphology_kaplan.R,output/tables/14_cox_ph_tests.csv
"Thermal context (external benchmark): A. pulchra acute Fv/Fm ED50 (Cunning et al. 2024, Mahana) — 28 °C below mean ED50 (°C) [CBASS reference, reference value]",Thermal context (external benchmark),"A. pulchra acute Fv/Fm ED50 (Cunning et al. 2024, Mahana)",CBASS reference,28 °C below mean ED50 (°C),reference value,7.405,NA,NA,NA,7.405,°C or count,NA,NA,NA,NA,acute thermal-tolerance benchmark; 31C chronic is sublethal (below acute ED50),code/sensitivity/26_thermal_context.R,data/external/cunning2024_apulchra_ed50.csv
"Thermal context (external benchmark): A. pulchra acute Fv/Fm ED50 (Cunning et al. 2024, Mahana) — 31 °C below lowest-genet ED50 (°C) [CBASS reference, reference value]",Thermal context (external benchmark),"A. pulchra acute Fv/Fm ED50 (Cunning et al. 2024, Mahana)",CBASS reference,31 °C below lowest-genet ED50 (°C),reference value,3.39,NA,NA,NA,3.39,°C or count,NA,NA,NA,NA,acute thermal-tolerance benchmark; 31C chronic is sublethal (below acute ED50),code/sensitivity/26_thermal_context.R,data/external/cunning2024_apulchra_ed50.csv
"Thermal context (external benchmark): A. pulchra acute Fv/Fm ED50 (Cunning et al. 2024, Mahana) — 31 °C below mean ED50 (°C) [CBASS reference, reference value]",Thermal context (external benchmark),"A. pulchra acute Fv/Fm ED50 (Cunning et al. 2024, Mahana)",CBASS reference,31 °C below mean ED50 (°C),reference value,4.405,NA,NA,NA,4.405,°C or count,NA,NA,NA,NA,acute thermal-tolerance benchmark; 31C chronic is sublethal (below acute ED50),code/sensitivity/26_thermal_context.R,data/external/cunning2024_apulchra_ed50.csv
"Thermal context (external benchmark): A. pulchra acute Fv/Fm ED50 (Cunning et al. 2024, Mahana) — acute ED50 CV (%) [CBASS reference, reference value]",Thermal context (external benchmark),"A. pulchra acute Fv/Fm ED50 (Cunning et al. 2024, Mahana)",CBASS reference,acute ED50 CV (%),reference value,1.677,NA,NA,NA,1.677,°C or count,NA,NA,NA,NA,acute thermal-tolerance benchmark; 31C chronic is sublethal (below acute ED50),code/sensitivity/26_thermal_context.R,data/external/cunning2024_apulchra_ed50.csv
"Thermal context (external benchmark): A. pulchra acute Fv/Fm ED50 (Cunning et al. 2024, Mahana) — acute ED50 SD (°C) [CBASS reference, reference value]",Thermal context (external benchmark),"A. pulchra acute Fv/Fm ED50 (Cunning et al. 2024, Mahana)",CBASS reference,acute ED50 SD (°C),reference value,0.594,NA,NA,NA,0.594,°C or count,NA,NA,NA,NA,acute thermal-tolerance benchmark; 31C chronic is sublethal (below acute ED50),code/sensitivity/26_thermal_context.R,data/external/cunning2024_apulchra_ed50.csv
"Thermal context (external benchmark): A. pulchra acute Fv/Fm ED50 (Cunning et al. 2024, Mahana) — acute ED50 mean (°C) [CBASS reference, reference value]",Thermal context (external benchmark),"A. pulchra acute Fv/Fm ED50 (Cunning et al. 2024, Mahana)",CBASS reference,acute ED50 mean (°C),reference value,35.405,NA,NA,NA,35.405,°C or count,NA,NA,NA,NA,acute thermal-tolerance benchmark; 31C chronic is sublethal (below acute ED50),code/sensitivity/26_thermal_context.R,data/external/cunning2024_apulchra_ed50.csv
"Thermal context (external benchmark): A. pulchra acute Fv/Fm ED50 (Cunning et al. 2024, Mahana) — acute ED50 range (°C) [CBASS reference, reference value]",Thermal context (external benchmark),"A. pulchra acute Fv/Fm ED50 (Cunning et al. 2024, Mahana)",CBASS reference,acute ED50 range (°C),reference value,2.203,NA,NA,NA,2.203,°C or count,NA,NA,NA,NA,acute thermal-tolerance benchmark; 31C chronic is sublethal (below acute ED50),code/sensitivity/26_thermal_context.R,data/external/cunning2024_apulchra_ed50.csv
"Thermal context (external benchmark): A. pulchra acute Fv/Fm ED50 (Cunning et al. 2024, Mahana) — n genets (Cunning) [CBASS reference, reference value]",Thermal context (external benchmark),"A. pulchra acute Fv/Fm ED50 (Cunning et al. 2024, Mahana)",CBASS reference,n genets (Cunning),reference value,20,NA,NA,NA,20,°C or count,NA,NA,NA,NA,acute thermal-tolerance benchmark; 31C chronic is sublethal (below acute ED50),code/sensitivity/26_thermal_context.R,data/external/cunning2024_apulchra_ed50.csv
"Time-series diagnostic: Color (D-scale) — AR(1) temporal autocorrelation (LRT vs no-corr) [diagnostic, LRT / Wald]",Time-series diagnostic,Color (D-scale),diagnostic,AR(1) temporal autocorrelation (LRT vs no-corr),LRT / Wald,0,1,NA,NA,NA,NA,NA,NA,NA,1,no significant residual autocorrelation,code/sensitivity/23_timeseries_diagnostics.R,output/tables/23_timeseries_diagnostics.csv
"Time-series diagnostic: Color (D-scale) — nonlinearity of time (quadratic vs linear, LRT) [diagnostic, LRT / Wald]",Time-series diagnostic,Color (D-scale),diagnostic,"nonlinearity of time (quadratic vs linear, LRT)",LRT / Wald,1.2331,2,NA,NA,NA,NA,NA,NA,NA,0.5398,linear time adequate,code/sensitivity/23_timeseries_diagnostics.R,output/tables/23_timeseries_diagnostics.csv
"Time-series diagnostic: Color (D-scale) — random slope of time by coral (LRT vs intercept-only) [diagnostic, LRT / Wald]",Time-series diagnostic,Color (D-scale),diagnostic,random slope of time by coral (LRT vs intercept-only),LRT / Wald,58.6853,2,NA,NA,NA,NA,NA,NA,NA,0,random slope improves fit (individual trajectories differ),code/sensitivity/23_timeseries_diagnostics.R,output/tables/23_timeseries_diagnostics.csv
"Time-series diagnostic: Color (D-scale) — treatment×time robustness to AR(1) [diagnostic, LRT / Wald]",Time-series diagnostic,Color (D-scale),diagnostic,treatment×time robustness to AR(1),LRT / Wald,16.659300000000002,NA,NA,NA,NA,NA,NA,NA,NA,0,"treatment×time p: base=2.68e-41, AR(1)=2.68e-41 — conclusion unchanged",code/sensitivity/23_timeseries_diagnostics.R,output/tables/23_timeseries_diagnostics.csv
"Time-series diagnostic: PAM Fv/Fm — AR(1) temporal autocorrelation (LRT vs no-corr) [diagnostic, LRT / Wald]",Time-series diagnostic,PAM Fv/Fm,diagnostic,AR(1) temporal autocorrelation (LRT vs no-corr),LRT / Wald,0,1,NA,NA,NA,NA,NA,NA,NA,0.9996,no significant residual autocorrelation,code/sensitivity/23_timeseries_diagnostics.R,output/tables/23_timeseries_diagnostics.csv
"Time-series diagnostic: PAM Fv/Fm — nonlinearity of time (quadratic vs linear, LRT) [diagnostic, LRT / Wald]",Time-series diagnostic,PAM Fv/Fm,diagnostic,"nonlinearity of time (quadratic vs linear, LRT)",LRT / Wald,1.7333,2,NA,NA,NA,NA,NA,NA,NA,0.4204,linear time adequate,code/sensitivity/23_timeseries_diagnostics.R,output/tables/23_timeseries_diagnostics.csv
"Time-series diagnostic: PAM Fv/Fm — random slope of time by coral (LRT vs intercept-only) [diagnostic, LRT / Wald]",Time-series diagnostic,PAM Fv/Fm,diagnostic,random slope of time by coral (LRT vs intercept-only),LRT / Wald,24.8508,2,NA,NA,NA,NA,NA,NA,NA,0,random slope improves fit (individual trajectories differ),code/sensitivity/23_timeseries_diagnostics.R,output/tables/23_timeseries_diagnostics.csv
"Time-series diagnostic: PAM Fv/Fm — treatment×time robustness to AR(1) [diagnostic, LRT / Wald]",Time-series diagnostic,PAM Fv/Fm,diagnostic,treatment×time robustness to AR(1),LRT / Wald,10.38,NA,NA,NA,NA,NA,NA,NA,NA,0,"treatment×time p: base=6.38e-21, AR(1)=6.38e-21 — conclusion unchanged",code/sensitivity/23_timeseries_diagnostics.R,output/tables/23_timeseries_diagnostics.csv
"Time-series diagnostic: log symbionts (cross-sectional) — nonlinearity of time (quadratic vs linear, LRT) [diagnostic, LRT / Wald]",Time-series diagnostic,log symbionts (cross-sectional),diagnostic,"nonlinearity of time (quadratic vs linear, LRT)",LRT / Wald,8.7012,2,NA,NA,NA,NA,NA,NA,NA,0.0129,trajectory is NONLINEAR — linear slope is an approximation,code/sensitivity/23_timeseries_diagnostics.R,output/tables/23_timeseries_diagnostics.csv
"Variance partitioning: Color D-scale (LMM) — ICC[Residual] [ICC, variance fraction]",Variance partitioning,Color D-scale (LMM),ICC,ICC[Residual],variance fraction,0.4142,NA,NA,NA,0.4142,fraction of variance,NA,NA,NA,NA,Residual: 41.4% of variance,code/sensitivity/27_variance_partitioning.R,output/tables/27_variance_partitioning.csv
"Variance partitioning: Color D-scale (LMM) — ICC[id] [ICC, variance fraction]",Variance partitioning,Color D-scale (LMM),ICC,ICC[id],variance fraction,0.3009,NA,NA,NA,0.3009,fraction of variance,NA,NA,NA,NA,id: 30.1% of variance,code/sensitivity/27_variance_partitioning.R,output/tables/27_variance_partitioning.csv
"Variance partitioning: Color D-scale (LMM) — ICC[tank] [ICC, variance fraction]",Variance partitioning,Color D-scale (LMM),ICC,ICC[tank],variance fraction,0.285,NA,NA,NA,0.285,fraction of variance,NA,NA,NA,NA,tank: 28.5% of variance,code/sensitivity/27_variance_partitioning.R,output/tables/27_variance_partitioning.csv
"Variance partitioning: PAM Fv/Fm (LMM) — ICC[Residual] [ICC, variance fraction]",Variance partitioning,PAM Fv/Fm (LMM),ICC,ICC[Residual],variance fraction,0.6863,NA,NA,NA,0.6863,fraction of variance,NA,NA,NA,NA,Residual: 68.6% of variance,code/sensitivity/27_variance_partitioning.R,output/tables/27_variance_partitioning.csv
"Variance partitioning: PAM Fv/Fm (LMM) — ICC[id] [ICC, variance fraction]",Variance partitioning,PAM Fv/Fm (LMM),ICC,ICC[id],variance fraction,0.0628,NA,NA,NA,0.0628,fraction of variance,NA,NA,NA,NA,id: 6.3% of variance,code/sensitivity/27_variance_partitioning.R,output/tables/27_variance_partitioning.csv
"Variance partitioning: PAM Fv/Fm (LMM) — ICC[tank] [ICC, variance fraction]",Variance partitioning,PAM Fv/Fm (LMM),ICC,ICC[tank],variance fraction,0.2509,NA,NA,NA,0.2509,fraction of variance,NA,NA,NA,NA,tank: 25.1% of variance,code/sensitivity/27_variance_partitioning.R,output/tables/27_variance_partitioning.csv
"Variance partitioning: log symbionts (LMM) — ICC[Residual] [ICC, variance fraction]",Variance partitioning,log symbionts (LMM),ICC,ICC[Residual],variance fraction,0.861,NA,NA,NA,0.861,fraction of variance,NA,NA,NA,NA,Residual: 86.1% of variance,code/sensitivity/27_variance_partitioning.R,output/tables/27_variance_partitioning.csv
"Variance partitioning: log symbionts (LMM) — ICC[tank] [ICC, variance fraction]",Variance partitioning,log symbionts (LMM),ICC,ICC[tank],variance fraction,0.139,NA,NA,NA,0.139,fraction of variance,NA,NA,NA,NA,tank: 13.9% of variance,code/sensitivity/27_variance_partitioning.R,output/tables/27_variance_partitioning.csv
"Variance partitioning: morph: hole_in_center (GLMM) — ICC[Residual] [ICC, variance fraction]",Variance partitioning,morph: hole_in_center (GLMM),ICC,ICC[Residual],variance fraction,0.6041,NA,NA,NA,0.6041,fraction of variance,NA,NA,NA,NA,Residual: 60.4% of variance,code/sensitivity/27_variance_partitioning.R,output/tables/27_variance_partitioning.csv
"Variance partitioning: morph: hole_in_center (GLMM) — ICC[tank] [ICC, variance fraction]",Variance partitioning,morph: hole_in_center (GLMM),ICC,ICC[tank],variance fraction,0.3959,NA,NA,NA,0.3959,fraction of variance,NA,NA,NA,NA,tank: 39.6% of variance,code/sensitivity/27_variance_partitioning.R,output/tables/27_variance_partitioning.csv
"Variance partitioning: morph: new_corallites_on_tip (GLMM) — ICC[Residual] [ICC, variance fraction]",Variance partitioning,morph: new_corallites_on_tip (GLMM),ICC,ICC[Residual],variance fraction,0,NA,NA,NA,0,fraction of variance,NA,NA,NA,NA,Residual: 0.0% of variance,code/sensitivity/27_variance_partitioning.R,output/tables/27_variance_partitioning.csv
"Variance partitioning: morph: new_corallites_on_tip (GLMM) — ICC[id] [ICC, variance fraction]",Variance partitioning,morph: new_corallites_on_tip (GLMM),ICC,ICC[id],variance fraction,0.3773,NA,NA,NA,0.3773,fraction of variance,NA,NA,NA,NA,id: 37.7% of variance,code/sensitivity/27_variance_partitioning.R,output/tables/27_variance_partitioning.csv
"Variance partitioning: morph: new_corallites_on_tip (GLMM) — ICC[tank] [ICC, variance fraction]",Variance partitioning,morph: new_corallites_on_tip (GLMM),ICC,ICC[tank],variance fraction,0.6227,NA,NA,NA,0.6227,fraction of variance,NA,NA,NA,NA,tank: 62.3% of variance,code/sensitivity/27_variance_partitioning.R,output/tables/27_variance_partitioning.csv
"Variance partitioning: morph: pigment_over_wound (GLMM) — ICC[Residual] [ICC, variance fraction]",Variance partitioning,morph: pigment_over_wound (GLMM),ICC,ICC[Residual],variance fraction,0.6386,NA,NA,NA,0.6386,fraction of variance,NA,NA,NA,NA,Residual: 63.9% of variance,code/sensitivity/27_variance_partitioning.R,output/tables/27_variance_partitioning.csv
"Variance partitioning: morph: pigment_over_wound (GLMM) — ICC[id] [ICC, variance fraction]",Variance partitioning,morph: pigment_over_wound (GLMM),ICC,ICC[id],variance fraction,0.2763,NA,NA,NA,0.2763,fraction of variance,NA,NA,NA,NA,id: 27.6% of variance,code/sensitivity/27_variance_partitioning.R,output/tables/27_variance_partitioning.csv
"Variance partitioning: morph: pigment_over_wound (GLMM) — ICC[tank] [ICC, variance fraction]",Variance partitioning,morph: pigment_over_wound (GLMM),ICC,ICC[tank],variance fraction,0.0851,NA,NA,NA,0.0851,fraction of variance,NA,NA,NA,NA,tank: 8.5% of variance,code/sensitivity/27_variance_partitioning.R,output/tables/27_variance_partitioning.csv
"Variance partitioning: morph: polyps_out (GLMM) — ICC[Residual] [ICC, variance fraction]",Variance partitioning,morph: polyps_out (GLMM),ICC,ICC[Residual],variance fraction,0.9017,NA,NA,NA,0.9017,fraction of variance,NA,NA,NA,NA,Residual: 90.2% of variance,code/sensitivity/27_variance_partitioning.R,output/tables/27_variance_partitioning.csv
"Variance partitioning: morph: polyps_out (GLMM) — ICC[id] [ICC, variance fraction]",Variance partitioning,morph: polyps_out (GLMM),ICC,ICC[id],variance fraction,0.0292,NA,NA,NA,0.0292,fraction of variance,NA,NA,NA,NA,id: 2.9% of variance,code/sensitivity/27_variance_partitioning.R,output/tables/27_variance_partitioning.csv
"Variance partitioning: morph: polyps_out (GLMM) — ICC[tank] [ICC, variance fraction]",Variance partitioning,morph: polyps_out (GLMM),ICC,ICC[tank],variance fraction,0.0691,NA,NA,NA,0.0691,fraction of variance,NA,NA,NA,NA,tank: 6.9% of variance,code/sensitivity/27_variance_partitioning.R,output/tables/27_variance_partitioning.csv
"Variance partitioning: morph: tip_exist (GLMM) — ICC[Residual] [ICC, variance fraction]",Variance partitioning,morph: tip_exist (GLMM),ICC,ICC[Residual],variance fraction,0.4701,NA,NA,NA,0.4701,fraction of variance,NA,NA,NA,NA,Residual: 47.0% of variance,code/sensitivity/27_variance_partitioning.R,output/tables/27_variance_partitioning.csv
"Variance partitioning: morph: tip_exist (GLMM) — ICC[id] [ICC, variance fraction]",Variance partitioning,morph: tip_exist (GLMM),ICC,ICC[id],variance fraction,0.4458,NA,NA,NA,0.4458,fraction of variance,NA,NA,NA,NA,id: 44.6% of variance,code/sensitivity/27_variance_partitioning.R,output/tables/27_variance_partitioning.csv
"Variance partitioning: morph: tip_exist (GLMM) — ICC[tank] [ICC, variance fraction]",Variance partitioning,morph: tip_exist (GLMM),ICC,ICC[tank],variance fraction,0.0842,NA,NA,NA,0.0842,fraction of variance,NA,NA,NA,NA,tank: 8.4% of variance,code/sensitivity/27_variance_partitioning.R,output/tables/27_variance_partitioning.csv
"Variance partitioning: morph: tip_extension (GLMM) — ICC[Residual] [ICC, variance fraction]",Variance partitioning,morph: tip_extension (GLMM),ICC,ICC[Residual],variance fraction,0.2258,NA,NA,NA,0.2258,fraction of variance,NA,NA,NA,NA,Residual: 22.6% of variance,code/sensitivity/27_variance_partitioning.R,output/tables/27_variance_partitioning.csv
"Variance partitioning: morph: tip_extension (GLMM) — ICC[id] [ICC, variance fraction]",Variance partitioning,morph: tip_extension (GLMM),ICC,ICC[id],variance fraction,0.6707,NA,NA,NA,0.6707,fraction of variance,NA,NA,NA,NA,id: 67.1% of variance,code/sensitivity/27_variance_partitioning.R,output/tables/27_variance_partitioning.csv
"Variance partitioning: morph: tip_extension (GLMM) — ICC[tank] [ICC, variance fraction]",Variance partitioning,morph: tip_extension (GLMM),ICC,ICC[tank],variance fraction,0.1034,NA,NA,NA,0.1034,fraction of variance,NA,NA,NA,NA,tank: 10.3% of variance,code/sensitivity/27_variance_partitioning.R,output/tables/27_variance_partitioning.csv
"Variance partitioning: morph: wound_smoothed (GLMM) — ICC[Residual] [ICC, variance fraction]",Variance partitioning,morph: wound_smoothed (GLMM),ICC,ICC[Residual],variance fraction,0.8685,NA,NA,NA,0.8685,fraction of variance,NA,NA,NA,NA,Residual: 86.9% of variance,code/sensitivity/27_variance_partitioning.R,output/tables/27_variance_partitioning.csv
"Variance partitioning: morph: wound_smoothed (GLMM) — ICC[tank] [ICC, variance fraction]",Variance partitioning,morph: wound_smoothed (GLMM),ICC,ICC[tank],variance fraction,0.1315,NA,NA,NA,0.1315,fraction of variance,NA,NA,NA,NA,tank: 13.2% of variance,code/sensitivity/27_variance_partitioning.R,output/tables/27_variance_partitioning.csv
