Description,Domain,Response,Model,Term,Test,Statistic,df,N,Estimate,% change,95% CI,p,Interpretation,Source
"Confirmatory / exploratory testing: a priori (confirmatory) — color_dscale : treatment:day [a priori (raw) / exploratory (BH), reported p]",Confirmatory / exploratory testing,a priori (confirmatory),a priori (raw) / exploratory (BH),color_dscale : treatment:day,reported p,0.00,NA,NA,"0.000 p (raw if a priori, BH if exploratory)",NA,NA,<0.001,a priori (confirmatory); significant (rationale: Hoegh-Guldberg 1999 (heat-driven paling)),code/sensitivity/28_multiple_testing.R
"Confirmatory / exploratory testing: a priori (confirmatory) — growth_pct : treatment (tank permutation) [a priori (raw) / exploratory (BH), reported p]",Confirmatory / exploratory testing,a priori (confirmatory),a priori (raw) / exploratory (BH),growth_pct : treatment (tank permutation),reported p,0.06,NA,NA,"0.057 p (raw if a priori, BH if exploratory)",NA,NA,0.057,a priori (confirmatory); n.s. (rationale: Jokiel & Coles 1977 (heat reduces calcification); tank-level permutation p),code/sensitivity/28_multiple_testing.R
"Confirmatory / exploratory testing: a priori (confirmatory) — log_zoox_density : treatment:biopsy_day_c [a priori (raw) / exploratory (BH), reported p]",Confirmatory / exploratory testing,a priori (confirmatory),a priori (raw) / exploratory (BH),log_zoox_density : treatment:biopsy_day_c,reported p,0.00,NA,NA,"0.000 p (raw if a priori, BH if exploratory)",NA,NA,<0.001,a priori (confirmatory); significant (rationale: Hoegh-Guldberg 1999; Jokiel & Coles 1990 (symbiont loss)),code/sensitivity/28_multiple_testing.R
"Confirmatory / exploratory testing: a priori (confirmatory) — morph:tip_exist : treatment [a priori (raw) / exploratory (BH), reported p]",Confirmatory / exploratory testing,a priori (confirmatory),a priori (raw) / exploratory (BH),morph:tip_exist : treatment,reported p,0.88,NA,NA,"0.882 p (raw if a priori, BH if exploratory)",NA,NA,0.882,a priori (confirmatory); n.s. (rationale: central hypothesis: heat impairs tip regeneration),code/sensitivity/28_multiple_testing.R
"Confirmatory / exploratory testing: a priori (confirmatory) — morph:tip_extension : treatment [a priori (raw) / exploratory (BH), reported p]",Confirmatory / exploratory testing,a priori (confirmatory),a priori (raw) / exploratory (BH),morph:tip_extension : treatment,reported p,0.20,NA,NA,"0.202 p (raw if a priori, BH if exploratory)",NA,NA,0.202,a priori (confirmatory); n.s. (rationale: central hypothesis: heat impairs tip regeneration),code/sensitivity/28_multiple_testing.R
"Confirmatory / exploratory testing: a priori (confirmatory) — pam_fvfm : treatment:day [a priori (raw) / exploratory (BH), reported p]",Confirmatory / exploratory testing,a priori (confirmatory),a priori (raw) / exploratory (BH),pam_fvfm : treatment:day,reported p,0.00,NA,NA,"0.000 p (raw if a priori, BH if exploratory)",NA,NA,<0.001,a priori (confirmatory); significant (rationale: Warner et al. 1999 (heat lowers Fv/Fm)),code/sensitivity/28_multiple_testing.R
"Confirmatory / exploratory testing: a priori (confirmatory) — survival_interval:new_corallites_on_tip : 31C vs 28C [a priori (raw) / exploratory (BH), reported p]",Confirmatory / exploratory testing,a priori (confirmatory),a priori (raw) / exploratory (BH),survival_interval:new_corallites_on_tip : 31C vs 28C,reported p,0.00,NA,NA,"0.000 p (raw if a priori, BH if exploratory)",NA,NA,<0.001,a priori (confirmatory); significant (rationale: central hypothesis: heat delays/prevents tip regeneration),code/sensitivity/28_multiple_testing.R
"Confirmatory / exploratory testing: a priori (confirmatory) — survival_interval:tip_exist : 31C vs 28C [a priori (raw) / exploratory (BH), reported p]",Confirmatory / exploratory testing,a priori (confirmatory),a priori (raw) / exploratory (BH),survival_interval:tip_exist : 31C vs 28C,reported p,0.04,NA,NA,"0.036 p (raw if a priori, BH if exploratory)",NA,NA,0.036,a priori (confirmatory); significant (rationale: central hypothesis: heat delays/prevents tip regeneration),code/sensitivity/28_multiple_testing.R
"Confirmatory / exploratory testing: a priori (confirmatory) — survival_interval:tip_extension : 31C vs 28C [a priori (raw) / exploratory (BH), reported p]",Confirmatory / exploratory testing,a priori (confirmatory),a priori (raw) / exploratory (BH),survival_interval:tip_extension : 31C vs 28C,reported p,0.18,NA,NA,"0.180 p (raw if a priori, BH if exploratory)",NA,NA,0.180,a priori (confirmatory); n.s. (rationale: central hypothesis: heat delays/prevents tip regeneration),code/sensitivity/28_multiple_testing.R
"Confirmatory / exploratory testing: exploratory — morph:pigment_over_wound : treatment [a priori (raw) / exploratory (BH), reported p]",Confirmatory / exploratory testing,exploratory,a priori (raw) / exploratory (BH),morph:pigment_over_wound : treatment,reported p,0.74,NA,NA,"0.740 p (raw if a priori, BH if exploratory)",NA,NA,0.647,exploratory; n.s. (rationale: no a-priori prediction for this closure/incidental trait),code/sensitivity/28_multiple_testing.R
"Confirmatory / exploratory testing: exploratory — morph:polyps_out : treatment [a priori (raw) / exploratory (BH), reported p]",Confirmatory / exploratory testing,exploratory,a priori (raw) / exploratory (BH),morph:polyps_out : treatment,reported p,0.74,NA,NA,"0.740 p (raw if a priori, BH if exploratory)",NA,NA,0.573,exploratory; n.s. (rationale: no a-priori prediction for this closure/incidental trait),code/sensitivity/28_multiple_testing.R
"Confirmatory / exploratory testing: exploratory — survival_interval:axial_polyp_formation : 31C vs 28C [a priori (raw) / exploratory (BH), reported p]",Confirmatory / exploratory testing,exploratory,a priori (raw) / exploratory (BH),survival_interval:axial_polyp_formation : 31C vs 28C,reported p,0.74,NA,NA,"0.740 p (raw if a priori, BH if exploratory)",NA,NA,0.455,exploratory; n.s. (rationale: no a-priori prediction for this closure milestone),code/sensitivity/28_multiple_testing.R
"Confirmatory / exploratory testing: exploratory — survival_interval:pigment_over_wound : 31C vs 28C [a priori (raw) / exploratory (BH), reported p]",Confirmatory / exploratory testing,exploratory,a priori (raw) / exploratory (BH),survival_interval:pigment_over_wound : 31C vs 28C,reported p,0.74,NA,NA,"0.740 p (raw if a priori, BH if exploratory)",NA,NA,0.740,exploratory; n.s. (rationale: no a-priori prediction for this closure milestone),code/sensitivity/28_multiple_testing.R
"Confirmatory / exploratory testing: exploratory — survival_interval:wound_smoothed : 31C vs 28C [a priori (raw) / exploratory (BH), reported p]",Confirmatory / exploratory testing,exploratory,a priori (raw) / exploratory (BH),survival_interval:wound_smoothed : 31C vs 28C,reported p,0.11,NA,NA,"0.112 p (raw if a priori, BH if exploratory)",NA,NA,0.022,exploratory; n.s. (rationale: no a-priori prediction for this closure milestone),code/sensitivity/28_multiple_testing.R
"Genet resilience: Composite heat sensitivity across responses — genet=a [row-max standardized composite, mean standardized sensitivity]",Genet resilience,Composite heat sensitivity across responses,row-max standardized composite,genet=a,mean standardized sensitivity,0.56,NA,9,0.565 standardized sensitivity,NA,"[1.00, 3.71]",NA,"Genet a: mean sensitivity 0.56, median 1.00, PCA displacement 3.71, rank 3",code/19_genet_dashboard.R
"Genet resilience: Composite heat sensitivity across responses — genet=c [row-max standardized composite, mean standardized sensitivity]",Genet resilience,Composite heat sensitivity across responses,row-max standardized composite,genet=c,mean standardized sensitivity,0.01,NA,10,0.007 standardized sensitivity,NA,"[0.10, 1.02]",NA,"Genet c: mean sensitivity 0.01, median 0.10, PCA displacement 1.02, rank 1",code/19_genet_dashboard.R
"Genet resilience: Composite heat sensitivity across responses — genet=d [row-max standardized composite, mean standardized sensitivity]",Genet resilience,Composite heat sensitivity across responses,row-max standardized composite,genet=d,mean standardized sensitivity,0.43,NA,10,0.429 standardized sensitivity,NA,"[0.88, 3.38]",NA,"Genet d: mean sensitivity 0.43, median 0.88, PCA displacement 3.38, rank 2",code/19_genet_dashboard.R
"Genet resilience: Composite heat sensitivity by scope — genet=a; heat only (unwounded) [row-max standardized composite, mean standardized sensitivity]",Genet resilience,Composite heat sensitivity by scope,row-max standardized composite,genet=a; heat only (unwounded),mean standardized sensitivity,0.99,NA,4,0.988 standardized sensitivity,NA,NA,NA,"Genet a, heat only (unwounded): mean sensitivity 0.99 across 4 responses",code/19_genet_dashboard.R
"Genet resilience: Composite heat sensitivity by scope — genet=a; heat while wounded [row-max standardized composite, mean standardized sensitivity]",Genet resilience,Composite heat sensitivity by scope,row-max standardized composite,genet=a; heat while wounded,mean standardized sensitivity,0.56,NA,9,0.560 standardized sensitivity,NA,NA,NA,"Genet a, heat while wounded: mean sensitivity 0.56 across 9 responses",code/19_genet_dashboard.R
"Genet resilience: Composite heat sensitivity by scope — genet=c; heat only (unwounded) [row-max standardized composite, mean standardized sensitivity]",Genet resilience,Composite heat sensitivity by scope,row-max standardized composite,genet=c; heat only (unwounded),mean standardized sensitivity,0.43,NA,4,0.428 standardized sensitivity,NA,NA,NA,"Genet c, heat only (unwounded): mean sensitivity 0.43 across 4 responses",code/19_genet_dashboard.R
"Genet resilience: Composite heat sensitivity by scope — genet=c; heat while wounded [row-max standardized composite, mean standardized sensitivity]",Genet resilience,Composite heat sensitivity by scope,row-max standardized composite,genet=c; heat while wounded,mean standardized sensitivity,-0.05,NA,10,-0.046 standardized sensitivity,NA,NA,NA,"Genet c, heat while wounded: mean sensitivity -0.05 across 10 responses",code/19_genet_dashboard.R
"Genet resilience: Composite heat sensitivity by scope — genet=d; heat only (unwounded) [row-max standardized composite, mean standardized sensitivity]",Genet resilience,Composite heat sensitivity by scope,row-max standardized composite,genet=d; heat only (unwounded),mean standardized sensitivity,0.90,NA,4,0.899 standardized sensitivity,NA,NA,NA,"Genet d, heat only (unwounded): mean sensitivity 0.90 across 4 responses",code/19_genet_dashboard.R
"Genet resilience: Composite heat sensitivity by scope — genet=d; heat while wounded [row-max standardized composite, mean standardized sensitivity]",Genet resilience,Composite heat sensitivity by scope,row-max standardized composite,genet=d; heat while wounded,mean standardized sensitivity,0.44,NA,10,0.438 standardized sensitivity,NA,NA,NA,"Genet d, heat while wounded: mean sensitivity 0.44 across 10 responses",code/19_genet_dashboard.R
"Healing milestone lag: axial_polyp_formation -> new_corallites_on_tip — 28C (n closed=12, reached both=12) [event timing, median lag (days)]",Healing milestone lag,axial_polyp_formation -> new_corallites_on_tip,event timing,"28C (n closed=12, reached both=12)",median lag (days),9.00,NA,12,9.000 days,+0.0%,"[8.00, 9.00]",NA,28C: 0% closed but never regenerated; median lag 9 d,code/14_morphology_kaplan.R
"Healing milestone lag: axial_polyp_formation -> new_corallites_on_tip — 31C (n closed=12, reached both=4) [event timing, median lag (days)]",Healing milestone lag,axial_polyp_formation -> new_corallites_on_tip,event timing,"31C (n closed=12, reached both=4)",median lag (days),11.00,NA,4,11.000 days,+66.7%,"[10.50, 11.00]",NA,31C: 67% closed but never regenerated; median lag 11 d,code/14_morphology_kaplan.R
"Healing milestone lag: wound_smoothed -> new_corallites_on_tip — 28C (n closed=12, reached both=12) [event timing, median lag (days)]",Healing milestone lag,wound_smoothed -> new_corallites_on_tip,event timing,"28C (n closed=12, reached both=12)",median lag (days),8.00,NA,12,8.000 days,+0.0%,"[7.50, 8.25]",NA,28C: 0% closed but never regenerated; median lag 8 d,code/14_morphology_kaplan.R
"Healing milestone lag: wound_smoothed -> new_corallites_on_tip — 31C (n closed=12, reached both=4) [event timing, median lag (days)]",Healing milestone lag,wound_smoothed -> new_corallites_on_tip,event timing,"31C (n closed=12, reached both=4)",median lag (days),10.00,NA,4,10.000 days,+66.7%,"[9.50, 10.00]",NA,31C: 67% closed but never regenerated; median lag 10 d,code/14_morphology_kaplan.R
"Healing milestone lag: wound_smoothed -> tip_extension — 28C (n closed=12, reached both=11) [event timing, median lag (days)]",Healing milestone lag,wound_smoothed -> tip_extension,event timing,"28C (n closed=12, reached both=11)",median lag (days),4.00,NA,11,4.000 days,+8.3%,"[3.00, 4.00]",NA,28C: 8% closed but never regenerated; median lag 4 d,code/14_morphology_kaplan.R
"Healing milestone lag: wound_smoothed -> tip_extension — 31C (n closed=12, reached both=11) [event timing, median lag (days)]",Healing milestone lag,wound_smoothed -> tip_extension,event timing,"31C (n closed=12, reached both=11)",median lag (days),4.00,NA,11,4.000 days,+8.3%,"[4.00, 5.00]",NA,31C: 8% closed but never regenerated; median lag 4 d,code/14_morphology_kaplan.R
"Microscope morphology: Axial polyp formation — endpoint D15: 31C - 28C [photo-only endpoint Fisher exact, Fisher exact]",Microscope morphology,Axial polyp formation,photo-only endpoint Fisher exact,endpoint D15: 31C - 28C,Fisher exact,NA,1,16,0.000 proportion difference,NA,NA,1.000,Microscope endpoint: 8/8 at 28C vs 8/8 at 31C (risk diff=+0.00; exploratory),code/11_microscope_physio.R
"Microscope morphology: Axial polyp formation — log-rank: 31C vs 28C [photo-only first-observed timing, log-rank chi-sq]",Microscope morphology,Axial polyp formation,photo-only first-observed timing,log-rank: 31C vs 28C,log-rank chi-sq,1.00,1,16,NA,NA,NA,0.317,Microscope first-observed timing for axial_polyp_formation (exploratory log-rank p=0.317),code/11_microscope_physio.R
"Microscope morphology: New corallites on tip — endpoint D15: 31C - 28C [photo-only endpoint Fisher exact, Fisher exact]",Microscope morphology,New corallites on tip,photo-only endpoint Fisher exact,endpoint D15: 31C - 28C,Fisher exact,NA,1,16,-0.750 proportion difference,NA,NA,0.007,Microscope endpoint: 8/8 at 28C vs 2/8 at 31C (risk diff=-0.75; exploratory),code/11_microscope_physio.R
"Microscope morphology: New corallites on tip — log-rank: 31C vs 28C [photo-only first-observed timing, log-rank chi-sq]",Microscope morphology,New corallites on tip,photo-only first-observed timing,log-rank: 31C vs 28C,log-rank chi-sq,11.45,1,16,NA,NA,NA,<0.001,Microscope first-observed timing for new_corallites_on_tip (exploratory log-rank p=<0.001),code/11_microscope_physio.R
"Microscope morphology: Pigment over wound — endpoint D7: 31C - 28C [photo-only endpoint Fisher exact, Fisher exact]",Microscope morphology,Pigment over wound,photo-only endpoint Fisher exact,endpoint D7: 31C - 28C,Fisher exact,NA,1,16,0.000 proportion difference,NA,NA,1.000,Microscope endpoint: 2/8 at 28C vs 2/8 at 31C (risk diff=+0.00; exploratory),code/11_microscope_physio.R
"Microscope morphology: Pigment over wound — log-rank: 31C vs 28C [photo-only first-observed timing, log-rank chi-sq]",Microscope morphology,Pigment over wound,photo-only first-observed timing,log-rank: 31C vs 28C,log-rank chi-sq,0.02,1,16,NA,NA,NA,0.886,Microscope first-observed timing for pigment_over_wound (exploratory log-rank p=0.886),code/11_microscope_physio.R
"Microscope morphology: Tip exists — endpoint D15: 31C - 28C [photo-only endpoint Fisher exact, Fisher exact]",Microscope morphology,Tip exists,photo-only endpoint Fisher exact,endpoint D15: 31C - 28C,Fisher exact,NA,1,16,0.000 proportion difference,NA,NA,1.000,Microscope endpoint: 8/8 at 28C vs 8/8 at 31C (risk diff=+0.00; exploratory),code/11_microscope_physio.R
"Microscope morphology: Tip exists — log-rank: 31C vs 28C [photo-only first-observed timing, log-rank chi-sq]",Microscope morphology,Tip exists,photo-only first-observed timing,log-rank: 31C vs 28C,log-rank chi-sq,0.15,1,16,NA,NA,NA,0.702,Microscope first-observed timing for tip_exist (exploratory log-rank p=0.702),code/11_microscope_physio.R
"Microscope morphology: Tip extension — endpoint D15: 31C - 28C [photo-only endpoint Fisher exact, Fisher exact]",Microscope morphology,Tip extension,photo-only endpoint Fisher exact,endpoint D15: 31C - 28C,Fisher exact,NA,1,16,0.000 proportion difference,NA,NA,1.000,Microscope endpoint: 8/8 at 28C vs 8/8 at 31C (risk diff=+0.00; exploratory),code/11_microscope_physio.R
"Microscope morphology: Tip extension — log-rank: 31C vs 28C [photo-only first-observed timing, log-rank chi-sq]",Microscope morphology,Tip extension,photo-only first-observed timing,log-rank: 31C vs 28C,log-rank chi-sq,2.07,1,16,NA,NA,NA,0.150,Microscope first-observed timing for tip_extension (exploratory log-rank p=0.150),code/11_microscope_physio.R
"Microscope morphology: Tissue over wound — endpoint D15: 31C - 28C [photo-only endpoint Fisher exact, Fisher exact]",Microscope morphology,Tissue over wound,photo-only endpoint Fisher exact,endpoint D15: 31C - 28C,Fisher exact,NA,1,16,0.000 proportion difference,NA,NA,1.000,Microscope endpoint: 8/8 at 28C vs 8/8 at 31C (risk diff=+0.00; exploratory),code/11_microscope_physio.R
"Microscope morphology: Tissue over wound — log-rank: 31C vs 28C [photo-only first-observed timing, log-rank chi-sq]",Microscope morphology,Tissue over wound,photo-only first-observed timing,log-rank: 31C vs 28C,log-rank chi-sq,2.14,1,16,NA,NA,NA,0.143,Microscope first-observed timing for tissue_over_wound (exploratory log-rank p=0.143),code/11_microscope_physio.R
"Microscope morphology: Wound smoothed — endpoint D15: 31C - 28C [photo-only endpoint Fisher exact, Fisher exact]",Microscope morphology,Wound smoothed,photo-only endpoint Fisher exact,endpoint D15: 31C - 28C,Fisher exact,NA,1,16,0.000 proportion difference,NA,NA,1.000,Microscope endpoint: 8/8 at 28C vs 8/8 at 31C (risk diff=+0.00; exploratory),code/11_microscope_physio.R
"Microscope morphology: Wound smoothed — log-rank: 31C vs 28C [photo-only first-observed timing, log-rank chi-sq]",Microscope morphology,Wound smoothed,photo-only first-observed timing,log-rank: 31C vs 28C,log-rank chi-sq,0.00,1,16,NA,NA,NA,1.000,Microscope first-observed timing for wound_smoothed (exploratory log-rank p=1.000),code/11_microscope_physio.R
"Morphology: Hole in center — 28C - 31C at day 10 [GLMM contrast (prob scale), delta probability]",Morphology,Hole in center,GLMM contrast (prob scale),28C - 31C at day 10,delta probability,0.00,NA,NA,0.000 probability,+0.0%,NA,NA,P(28C)=1.00 vs P(31C)=1.00; OR(31vs28)=NA,code/sensitivity/29_morphology_prob_contrasts.R
"Morphology: New corallites on tip — 28C - 31C at day 10 [GLMM contrast (prob scale), delta probability]",Morphology,New corallites on tip,GLMM contrast (prob scale),28C - 31C at day 10,delta probability,0.00,NA,NA,0.000 probability,+0.0%,NA,NA,P(28C)=0.00 vs P(31C)=0.00; OR(31vs28)=NA,code/sensitivity/29_morphology_prob_contrasts.R
"Morphology: Pigment over wound — day_z [GLMM (binomial, blme Cauchy(0,2.5)), Wald chi-sq]",Morphology,Pigment over wound,"GLMM (binomial, blme Cauchy(0,2.5))",day_z,Wald chi-sq,0.08,1,NA,NA,NA,NA,0.775,day_z effect on pigment_over_wound (n.s.),code/12_models.R
"Morphology: Pigment over wound — day_z:thicket [GLMM (binomial, blme Cauchy(0,2.5)), Wald chi-sq]",Morphology,Pigment over wound,"GLMM (binomial, blme Cauchy(0,2.5))",day_z:thicket,Wald chi-sq,4.71,2,NA,NA,NA,NA,0.095,day_z:thicket effect on pigment_over_wound (n.s.),code/12_models.R
"Morphology: Pigment over wound — fixed: day_z [GLMM (binomial, blme Cauchy(0,2.5)), Wald z]",Morphology,Pigment over wound,"GLMM (binomial, blme Cauchy(0,2.5))",fixed: day_z,Wald z,-0.30,NA,NA,-0.246 log-odds,-21.8%,"[-1.84, 1.35]",0.763,"fixed: day_z: OR=0.78 (n.s., blme penalized)",code/12_models.R
"Morphology: Pigment over wound — fixed: day_z:thicket2 [GLMM (binomial, blme Cauchy(0,2.5)), Wald z]",Morphology,Pigment over wound,"GLMM (binomial, blme Cauchy(0,2.5))",fixed: day_z:thicket2,Wald z,2.17,NA,NA,3.305 log-odds,+2623.7%,"[0.32, 6.29]",0.030,"fixed: day_z:thicket2: OR=27.24 (sig, blme penalized)",code/12_models.R
"Morphology: Pigment over wound — fixed: day_z:thicket3 [GLMM (binomial, blme Cauchy(0,2.5)), Wald z]",Morphology,Pigment over wound,"GLMM (binomial, blme Cauchy(0,2.5))",fixed: day_z:thicket3,Wald z,-0.98,NA,NA,-1.072 log-odds,-65.8%,"[-3.21, 1.07]",0.326,"fixed: day_z:thicket3: OR=0.34 (n.s., blme penalized)",code/12_models.R
"Morphology: Pigment over wound — fixed: thicket2 [GLMM (binomial, blme Cauchy(0,2.5)), Wald z]",Morphology,Pigment over wound,"GLMM (binomial, blme Cauchy(0,2.5))",fixed: thicket2,Wald z,-0.70,NA,NA,-0.673 log-odds,-49.0%,"[-2.57, 1.22]",0.487,"fixed: thicket2: OR=0.51 (n.s., blme penalized)",code/12_models.R
"Morphology: Pigment over wound — fixed: thicket3 [GLMM (binomial, blme Cauchy(0,2.5)), Wald z]",Morphology,Pigment over wound,"GLMM (binomial, blme Cauchy(0,2.5))",fixed: thicket3,Wald z,-0.14,NA,NA,-0.131 log-odds,-12.3%,"[-1.99, 1.73]",0.890,"fixed: thicket3: OR=0.88 (n.s., blme penalized)",code/12_models.R
"Morphology: Pigment over wound — fixed: treatment2 [GLMM (binomial, blme Cauchy(0,2.5)), Wald z]",Morphology,Pigment over wound,"GLMM (binomial, blme Cauchy(0,2.5))",fixed: treatment2,Wald z,-0.15,NA,NA,-0.142 log-odds,-13.2%,"[-2.03, 1.74]",0.883,"fixed: treatment2: OR=0.87 (n.s., blme penalized)",code/12_models.R
"Morphology: Pigment over wound — fixed: treatment2:day_z [GLMM (binomial, blme Cauchy(0,2.5)), Wald z]",Morphology,Pigment over wound,"GLMM (binomial, blme Cauchy(0,2.5))",fixed: treatment2:day_z,Wald z,-0.42,NA,NA,-0.421 log-odds,-34.3%,"[-2.37, 1.53]",0.672,"fixed: treatment2:day_z: OR=0.66 (n.s., blme penalized)",code/12_models.R
"Morphology: Pigment over wound — fixed: treatment2:day_z:thicket2 [GLMM (binomial, blme Cauchy(0,2.5)), Wald z]",Morphology,Pigment over wound,"GLMM (binomial, blme Cauchy(0,2.5))",fixed: treatment2:day_z:thicket2,Wald z,1.26,NA,NA,1.845 log-odds,+533.2%,"[-1.02, 4.71]",0.207,"fixed: treatment2:day_z:thicket2: OR=6.33 (n.s., blme penalized)",code/12_models.R
"Morphology: Pigment over wound — fixed: treatment2:day_z:thicket3 [GLMM (binomial, blme Cauchy(0,2.5)), Wald z]",Morphology,Pigment over wound,"GLMM (binomial, blme Cauchy(0,2.5))",fixed: treatment2:day_z:thicket3,Wald z,0.31,NA,NA,0.448 log-odds,+56.4%,"[-2.36, 3.26]",0.755,"fixed: treatment2:day_z:thicket3: OR=1.56 (n.s., blme penalized)",code/12_models.R
"Morphology: Pigment over wound — fixed: treatment2:thicket2 [GLMM (binomial, blme Cauchy(0,2.5)), Wald z]",Morphology,Pigment over wound,"GLMM (binomial, blme Cauchy(0,2.5))",fixed: treatment2:thicket2,Wald z,-0.23,NA,NA,-0.288 log-odds,-25.0%,"[-2.69, 2.12]",0.815,"fixed: treatment2:thicket2: OR=0.75 (n.s., blme penalized)",code/12_models.R
"Morphology: Pigment over wound — fixed: treatment2:thicket3 [GLMM (binomial, blme Cauchy(0,2.5)), Wald z]",Morphology,Pigment over wound,"GLMM (binomial, blme Cauchy(0,2.5))",fixed: treatment2:thicket3,Wald z,-1.12,NA,NA,-1.552 log-odds,-78.8%,"[-4.26, 1.15]",0.261,"fixed: treatment2:thicket3: OR=0.21 (n.s., blme penalized)",code/12_models.R
"Morphology: Pigment over wound — thicket [GLMM (binomial, blme Cauchy(0,2.5)), Wald chi-sq]",Morphology,Pigment over wound,"GLMM (binomial, blme Cauchy(0,2.5))",thicket,Wald chi-sq,1.16,2,NA,NA,NA,NA,0.560,thicket effect on pigment_over_wound (n.s.),code/12_models.R
"Morphology: Pigment over wound — treatment [GLMM (binomial, blme Cauchy(0,2.5)), Wald chi-sq]",Morphology,Pigment over wound,"GLMM (binomial, blme Cauchy(0,2.5))",treatment,Wald chi-sq,0.21,1,NA,NA,NA,NA,0.647,treatment effect on pigment_over_wound (n.s.),code/12_models.R
"Morphology: Pigment over wound — treatment:day_z [GLMM (binomial, blme Cauchy(0,2.5)), Wald chi-sq]",Morphology,Pigment over wound,"GLMM (binomial, blme Cauchy(0,2.5))",treatment:day_z,Wald chi-sq,0.00,1,NA,NA,NA,NA,0.975,treatment:day_z effect on pigment_over_wound (n.s.),code/12_models.R
"Morphology: Pigment over wound — treatment:day_z:thicket [GLMM (binomial, blme Cauchy(0,2.5)), Wald chi-sq]",Morphology,Pigment over wound,"GLMM (binomial, blme Cauchy(0,2.5))",treatment:day_z:thicket,Wald chi-sq,1.63,2,NA,NA,NA,NA,0.443,treatment:day_z:thicket effect on pigment_over_wound (n.s.),code/12_models.R
"Morphology: Pigment over wound — treatment:thicket [GLMM (binomial, blme Cauchy(0,2.5)), Wald chi-sq]",Morphology,Pigment over wound,"GLMM (binomial, blme Cauchy(0,2.5))",treatment:thicket,Wald chi-sq,1.01,2,NA,NA,NA,NA,0.603,treatment:thicket effect on pigment_over_wound (n.s.),code/12_models.R
"Morphology: Pigment over wound — 28C - 31C at day 10 [GLMM contrast (prob scale), delta probability]",Morphology,Pigment over wound,GLMM contrast (prob scale),28C - 31C at day 10,delta probability,0.01,NA,NA,0.014 probability,+1.4%,NA,0.380,P(28C)=0.03 vs P(31C)=0.01; OR(31vs28)=0.47,code/sensitivity/29_morphology_prob_contrasts.R
"Morphology: Polyps out — day_z [GLMM (binomial, blme Cauchy(0,2.5)), Wald chi-sq]",Morphology,Polyps out,"GLMM (binomial, blme Cauchy(0,2.5))",day_z,Wald chi-sq,0.01,1,NA,NA,NA,NA,0.914,day_z effect on polyps_out (n.s.),code/12_models.R
"Morphology: Polyps out — day_z:thicket [GLMM (binomial, blme Cauchy(0,2.5)), Wald chi-sq]",Morphology,Polyps out,"GLMM (binomial, blme Cauchy(0,2.5))",day_z:thicket,Wald chi-sq,2.68,2,NA,NA,NA,NA,0.262,day_z:thicket effect on polyps_out (n.s.),code/12_models.R
"Morphology: Polyps out — fixed: day_z [GLMM (binomial, blme Cauchy(0,2.5)), Wald z]",Morphology,Polyps out,"GLMM (binomial, blme Cauchy(0,2.5))",fixed: day_z,Wald z,0.83,NA,NA,0.414 log-odds,+51.3%,"[-0.57, 1.39]",0.408,"fixed: day_z: OR=1.51 (n.s., blme penalized)",code/12_models.R
"Morphology: Polyps out — fixed: day_z:thicket2 [GLMM (binomial, blme Cauchy(0,2.5)), Wald z]",Morphology,Polyps out,"GLMM (binomial, blme Cauchy(0,2.5))",fixed: day_z:thicket2,Wald z,1.33,NA,NA,0.914 log-odds,+149.5%,"[-0.43, 2.26]",0.183,"fixed: day_z:thicket2: OR=2.50 (n.s., blme penalized)",code/12_models.R
"Morphology: Polyps out — fixed: day_z:thicket3 [GLMM (binomial, blme Cauchy(0,2.5)), Wald z]",Morphology,Polyps out,"GLMM (binomial, blme Cauchy(0,2.5))",fixed: day_z:thicket3,Wald z,0.66,NA,NA,0.426 log-odds,+53.1%,"[-0.84, 1.69]",0.510,"fixed: day_z:thicket3: OR=1.53 (n.s., blme penalized)",code/12_models.R
"Morphology: Polyps out — fixed: thicket2 [GLMM (binomial, blme Cauchy(0,2.5)), Wald z]",Morphology,Polyps out,"GLMM (binomial, blme Cauchy(0,2.5))",fixed: thicket2,Wald z,1.33,NA,NA,0.658 log-odds,+93.1%,"[-0.31, 1.63]",0.184,"fixed: thicket2: OR=1.93 (n.s., blme penalized)",code/12_models.R
"Morphology: Polyps out — fixed: thicket3 [GLMM (binomial, blme Cauchy(0,2.5)), Wald z]",Morphology,Polyps out,"GLMM (binomial, blme Cauchy(0,2.5))",fixed: thicket3,Wald z,0.84,NA,NA,0.400 log-odds,+49.1%,"[-0.53, 1.33]",0.400,"fixed: thicket3: OR=1.49 (n.s., blme penalized)",code/12_models.R
"Morphology: Polyps out — fixed: treatment2 [GLMM (binomial, blme Cauchy(0,2.5)), Wald z]",Morphology,Polyps out,"GLMM (binomial, blme Cauchy(0,2.5))",fixed: treatment2,Wald z,-1.14,NA,NA,-0.669 log-odds,-48.8%,"[-1.82, 0.48]",0.255,"fixed: treatment2: OR=0.51 (n.s., blme penalized)",code/12_models.R
"Morphology: Polyps out — fixed: treatment2:day_z [GLMM (binomial, blme Cauchy(0,2.5)), Wald z]",Morphology,Polyps out,"GLMM (binomial, blme Cauchy(0,2.5))",fixed: treatment2:day_z,Wald z,-1.94,NA,NA,-1.256 log-odds,-71.5%,"[-2.53, 0.01]",0.052,"fixed: treatment2:day_z: OR=0.28 (n.s., blme penalized)",code/12_models.R
"Morphology: Polyps out — fixed: treatment2:day_z:thicket2 [GLMM (binomial, blme Cauchy(0,2.5)), Wald z]",Morphology,Polyps out,"GLMM (binomial, blme Cauchy(0,2.5))",fixed: treatment2:day_z:thicket2,Wald z,0.81,NA,NA,0.628 log-odds,+87.4%,"[-0.89, 2.14]",0.416,"fixed: treatment2:day_z:thicket2: OR=1.87 (n.s., blme penalized)",code/12_models.R
"Morphology: Polyps out — fixed: treatment2:day_z:thicket3 [GLMM (binomial, blme Cauchy(0,2.5)), Wald z]",Morphology,Polyps out,"GLMM (binomial, blme Cauchy(0,2.5))",fixed: treatment2:day_z:thicket3,Wald z,-0.18,NA,NA,-0.130 log-odds,-12.2%,"[-1.51, 1.25]",0.854,"fixed: treatment2:day_z:thicket3: OR=0.88 (n.s., blme penalized)",code/12_models.R
"Morphology: Polyps out — fixed: treatment2:thicket2 [GLMM (binomial, blme Cauchy(0,2.5)), Wald z]",Morphology,Polyps out,"GLMM (binomial, blme Cauchy(0,2.5))",fixed: treatment2:thicket2,Wald z,0.81,NA,NA,0.492 log-odds,+63.5%,"[-0.70, 1.68]",0.419,"fixed: treatment2:thicket2: OR=1.64 (n.s., blme penalized)",code/12_models.R
"Morphology: Polyps out — fixed: treatment2:thicket3 [GLMM (binomial, blme Cauchy(0,2.5)), Wald z]",Morphology,Polyps out,"GLMM (binomial, blme Cauchy(0,2.5))",fixed: treatment2:thicket3,Wald z,-0.43,NA,NA,-0.244 log-odds,-21.6%,"[-1.34, 0.86]",0.665,"fixed: treatment2:thicket3: OR=0.78 (n.s., blme penalized)",code/12_models.R
"Morphology: Polyps out — thicket [GLMM (binomial, blme Cauchy(0,2.5)), Wald chi-sq]",Morphology,Polyps out,"GLMM (binomial, blme Cauchy(0,2.5))",thicket,Wald chi-sq,3.48,2,NA,NA,NA,NA,0.175,thicket effect on polyps_out (n.s.),code/12_models.R
"Morphology: Polyps out — treatment [GLMM (binomial, blme Cauchy(0,2.5)), Wald chi-sq]",Morphology,Polyps out,"GLMM (binomial, blme Cauchy(0,2.5))",treatment,Wald chi-sq,0.32,1,NA,NA,NA,NA,0.573,treatment effect on polyps_out (n.s.),code/12_models.R
"Morphology: Polyps out — treatment:day_z [GLMM (binomial, blme Cauchy(0,2.5)), Wald chi-sq]",Morphology,Polyps out,"GLMM (binomial, blme Cauchy(0,2.5))",treatment:day_z,Wald chi-sq,3.61,1,NA,NA,NA,NA,0.057,treatment:day_z effect on polyps_out (n.s.),code/12_models.R
"Morphology: Polyps out — treatment:day_z:thicket [GLMM (binomial, blme Cauchy(0,2.5)), Wald chi-sq]",Morphology,Polyps out,"GLMM (binomial, blme Cauchy(0,2.5))",treatment:day_z:thicket,Wald chi-sq,0.72,2,NA,NA,NA,NA,0.696,treatment:day_z:thicket effect on polyps_out (n.s.),code/12_models.R
"Morphology: Polyps out — treatment:thicket [GLMM (binomial, blme Cauchy(0,2.5)), Wald chi-sq]",Morphology,Polyps out,"GLMM (binomial, blme Cauchy(0,2.5))",treatment:thicket,Wald chi-sq,0.80,2,NA,NA,NA,NA,0.669,treatment:thicket effect on polyps_out (n.s.),code/12_models.R
"Morphology: Polyps out — 28C - 31C at day 10 [GLMM contrast (prob scale), delta probability]",Morphology,Polyps out,GLMM contrast (prob scale),28C - 31C at day 10,delta probability,0.06,NA,NA,0.056 probability,+5.6%,NA,0.300,P(28C)=0.92 vs P(31C)=0.86; OR(31vs28)=0.56,code/sensitivity/29_morphology_prob_contrasts.R
"Morphology: Tip exist — day_z [GLMM (binomial, blme Cauchy(0,2.5)), Wald chi-sq]",Morphology,Tip exist,"GLMM (binomial, blme Cauchy(0,2.5))",day_z,Wald chi-sq,40.92,1,NA,NA,NA,NA,<0.001,day_z effect on tip_exist (significant),code/12_models.R
"Morphology: Tip exist — day_z:thicket [GLMM (binomial, blme Cauchy(0,2.5)), Wald chi-sq]",Morphology,Tip exist,"GLMM (binomial, blme Cauchy(0,2.5))",day_z:thicket,Wald chi-sq,0.66,2,NA,NA,NA,NA,0.720,day_z:thicket effect on tip_exist (n.s.),code/12_models.R
"Morphology: Tip exist — fixed: day_z [GLMM (binomial, blme Cauchy(0,2.5)), Wald z]",Morphology,Tip exist,"GLMM (binomial, blme Cauchy(0,2.5))",fixed: day_z,Wald z,3.23,NA,NA,NA log-odds [residual separation],NA,NA,NA,"fixed: day_z: residual separation after Cauchy(0,2.5) prior — report omnibus chi-sq only",code/12_models.R
"Morphology: Tip exist — fixed: day_z:thicket2 [GLMM (binomial, blme Cauchy(0,2.5)), Wald z]",Morphology,Tip exist,"GLMM (binomial, blme Cauchy(0,2.5))",fixed: day_z:thicket2,Wald z,-1.41,NA,NA,-6.329 log-odds,-99.8%,"[-15.15, 2.50]",0.160,"fixed: day_z:thicket2: OR=0.00 (n.s., blme penalized)",code/12_models.R
"Morphology: Tip exist — fixed: day_z:thicket3 [GLMM (binomial, blme Cauchy(0,2.5)), Wald z]",Morphology,Tip exist,"GLMM (binomial, blme Cauchy(0,2.5))",fixed: day_z:thicket3,Wald z,0.33,NA,NA,1.083 log-odds,+195.2%,"[-5.40, 7.56]",0.743,"fixed: day_z:thicket3: OR=2.95 (n.s., blme penalized)",code/12_models.R
"Morphology: Tip exist — fixed: thicket2 [GLMM (binomial, blme Cauchy(0,2.5)), Wald z]",Morphology,Tip exist,"GLMM (binomial, blme Cauchy(0,2.5))",fixed: thicket2,Wald z,-2.05,NA,NA,-3.461 log-odds,-96.9%,"[-6.77, -0.15]",0.040,"fixed: thicket2: OR=0.03 (sig, blme penalized)",code/12_models.R
"Morphology: Tip exist — fixed: thicket3 [GLMM (binomial, blme Cauchy(0,2.5)), Wald z]",Morphology,Tip exist,"GLMM (binomial, blme Cauchy(0,2.5))",fixed: thicket3,Wald z,0.27,NA,NA,0.410 log-odds,+50.7%,"[-2.54, 3.36]",0.785,"fixed: thicket3: OR=1.51 (n.s., blme penalized)",code/12_models.R
"Morphology: Tip exist — fixed: treatment2 [GLMM (binomial, blme Cauchy(0,2.5)), Wald z]",Morphology,Tip exist,"GLMM (binomial, blme Cauchy(0,2.5))",fixed: treatment2,Wald z,-0.59,NA,NA,-0.936 log-odds,-60.8%,"[-4.02, 2.15]",0.553,"fixed: treatment2: OR=0.39 (n.s., blme penalized)",code/12_models.R
"Morphology: Tip exist — fixed: treatment2:day_z [GLMM (binomial, blme Cauchy(0,2.5)), Wald z]",Morphology,Tip exist,"GLMM (binomial, blme Cauchy(0,2.5))",fixed: treatment2:day_z,Wald z,0.49,NA,NA,1.456 log-odds,+328.8%,"[-4.40, 7.31]",0.626,"fixed: treatment2:day_z: OR=4.29 (n.s., blme penalized)",code/12_models.R
"Morphology: Tip exist — fixed: treatment2:day_z:thicket2 [GLMM (binomial, blme Cauchy(0,2.5)), Wald z]",Morphology,Tip exist,"GLMM (binomial, blme Cauchy(0,2.5))",fixed: treatment2:day_z:thicket2,Wald z,0.92,NA,NA,3.607 log-odds,+3586.6%,"[-4.05, 11.26]",0.356,"fixed: treatment2:day_z:thicket2: OR=36.87 (n.s., blme penalized)",code/12_models.R
"Morphology: Tip exist — fixed: treatment2:day_z:thicket3 [GLMM (binomial, blme Cauchy(0,2.5)), Wald z]",Morphology,Tip exist,"GLMM (binomial, blme Cauchy(0,2.5))",fixed: treatment2:day_z:thicket3,Wald z,-1.84,NA,NA,-9.558 log-odds,-100.0%,"[-19.74, 0.63]",0.066,"fixed: treatment2:day_z:thicket3: OR=0.00 (n.s., blme penalized)",code/12_models.R
"Morphology: Tip exist — fixed: treatment2:thicket2 [GLMM (binomial, blme Cauchy(0,2.5)), Wald z]",Morphology,Tip exist,"GLMM (binomial, blme Cauchy(0,2.5))",fixed: treatment2:thicket2,Wald z,1.31,NA,NA,2.672 log-odds,+1346.5%,"[-1.33, 6.67]",0.190,"fixed: treatment2:thicket2: OR=14.47 (n.s., blme penalized)",code/12_models.R
"Morphology: Tip exist — fixed: treatment2:thicket3 [GLMM (binomial, blme Cauchy(0,2.5)), Wald z]",Morphology,Tip exist,"GLMM (binomial, blme Cauchy(0,2.5))",fixed: treatment2:thicket3,Wald z,-1.14,NA,NA,-2.250 log-odds,-89.5%,"[-6.13, 1.63]",0.256,"fixed: treatment2:thicket3: OR=0.11 (n.s., blme penalized)",code/12_models.R
"Morphology: Tip exist — thicket [GLMM (binomial, blme Cauchy(0,2.5)), Wald chi-sq]",Morphology,Tip exist,"GLMM (binomial, blme Cauchy(0,2.5))",thicket,Wald chi-sq,1.21,2,NA,NA,NA,NA,0.545,thicket effect on tip_exist (n.s.),code/12_models.R
"Morphology: Tip exist — treatment [GLMM (binomial, blme Cauchy(0,2.5)), Wald chi-sq]",Morphology,Tip exist,"GLMM (binomial, blme Cauchy(0,2.5))",treatment,Wald chi-sq,0.02,1,NA,NA,NA,NA,0.882,treatment effect on tip_exist (n.s.),code/12_models.R
"Morphology: Tip exist — treatment:day_z [GLMM (binomial, blme Cauchy(0,2.5)), Wald chi-sq]",Morphology,Tip exist,"GLMM (binomial, blme Cauchy(0,2.5))",treatment:day_z,Wald chi-sq,0.31,1,NA,NA,NA,NA,0.575,treatment:day_z effect on tip_exist (n.s.),code/12_models.R
"Morphology: Tip exist — treatment:day_z:thicket [GLMM (binomial, blme Cauchy(0,2.5)), Wald chi-sq]",Morphology,Tip exist,"GLMM (binomial, blme Cauchy(0,2.5))",treatment:day_z:thicket,Wald chi-sq,3.94,2,NA,NA,NA,NA,0.139,treatment:day_z:thicket effect on tip_exist (n.s.),code/12_models.R
"Morphology: Tip exist — treatment:thicket [GLMM (binomial, blme Cauchy(0,2.5)), Wald chi-sq]",Morphology,Tip exist,"GLMM (binomial, blme Cauchy(0,2.5))",treatment:thicket,Wald chi-sq,1.55,2,NA,NA,NA,NA,0.460,treatment:thicket effect on tip_exist (n.s.),code/12_models.R
"Morphology: Tip exist — 28C - 31C at day 10 [GLMM contrast (prob scale), delta probability]",Morphology,Tip exist,GLMM contrast (prob scale),28C - 31C at day 10,delta probability,0.14,NA,NA,0.141 probability,+14.1%,NA,0.480,P(28C)=0.83 vs P(31C)=0.69; OR(31vs28)=0.45,code/sensitivity/29_morphology_prob_contrasts.R
"Morphology: Tip extension — day_z [GLMM (binomial, blme Cauchy(0,2.5)), Wald chi-sq]",Morphology,Tip extension,"GLMM (binomial, blme Cauchy(0,2.5))",day_z,Wald chi-sq,36.80,1,NA,NA,NA,NA,<0.001,day_z effect on tip_extension (significant),code/12_models.R
"Morphology: Tip extension — day_z:thicket [GLMM (binomial, blme Cauchy(0,2.5)), Wald chi-sq]",Morphology,Tip extension,"GLMM (binomial, blme Cauchy(0,2.5))",day_z:thicket,Wald chi-sq,0.85,2,NA,NA,NA,NA,0.653,day_z:thicket effect on tip_extension (n.s.),code/12_models.R
"Morphology: Tip extension — fixed: day_z [GLMM (binomial, blme Cauchy(0,2.5)), Wald z]",Morphology,Tip extension,"GLMM (binomial, blme Cauchy(0,2.5))",fixed: day_z,Wald z,4.17,NA,NA,NA log-odds [residual separation],NA,NA,NA,"fixed: day_z: residual separation after Cauchy(0,2.5) prior — report omnibus chi-sq only",code/12_models.R
"Morphology: Tip extension — fixed: day_z:thicket2 [GLMM (binomial, blme Cauchy(0,2.5)), Wald z]",Morphology,Tip extension,"GLMM (binomial, blme Cauchy(0,2.5))",fixed: day_z:thicket2,Wald z,0.39,NA,NA,1.022 log-odds,+177.7%,"[-4.05, 6.09]",0.693,"fixed: day_z:thicket2: OR=2.78 (n.s., blme penalized)",code/12_models.R
"Morphology: Tip extension — fixed: day_z:thicket3 [GLMM (binomial, blme Cauchy(0,2.5)), Wald z]",Morphology,Tip extension,"GLMM (binomial, blme Cauchy(0,2.5))",fixed: day_z:thicket3,Wald z,0.96,NA,NA,2.439 log-odds,+1046.1%,"[-2.52, 7.40]",0.335,"fixed: day_z:thicket3: OR=11.46 (n.s., blme penalized)",code/12_models.R
"Morphology: Tip extension — fixed: thicket2 [GLMM (binomial, blme Cauchy(0,2.5)), Wald z]",Morphology,Tip extension,"GLMM (binomial, blme Cauchy(0,2.5))",fixed: thicket2,Wald z,-1.23,NA,NA,-2.204 log-odds,-89.0%,"[-5.73, 1.32]",0.220,"fixed: thicket2: OR=0.11 (n.s., blme penalized)",code/12_models.R
"Morphology: Tip extension — fixed: thicket3 [GLMM (binomial, blme Cauchy(0,2.5)), Wald z]",Morphology,Tip extension,"GLMM (binomial, blme Cauchy(0,2.5))",fixed: thicket3,Wald z,-0.01,NA,NA,-0.016 log-odds,-1.6%,"[-3.36, 3.33]",0.992,"fixed: thicket3: OR=0.98 (n.s., blme penalized)",code/12_models.R
"Morphology: Tip extension — fixed: treatment2 [GLMM (binomial, blme Cauchy(0,2.5)), Wald z]",Morphology,Tip extension,"GLMM (binomial, blme Cauchy(0,2.5))",fixed: treatment2,Wald z,-0.83,NA,NA,-1.439 log-odds,-76.3%,"[-4.84, 1.96]",0.407,"fixed: treatment2: OR=0.24 (n.s., blme penalized)",code/12_models.R
"Morphology: Tip extension — fixed: treatment2:day_z [GLMM (binomial, blme Cauchy(0,2.5)), Wald z]",Morphology,Tip extension,"GLMM (binomial, blme Cauchy(0,2.5))",fixed: treatment2:day_z,Wald z,-1.08,NA,NA,-2.807 log-odds,-94.0%,"[-7.88, 2.27]",0.279,"fixed: treatment2:day_z: OR=0.06 (n.s., blme penalized)",code/12_models.R
"Morphology: Tip extension — fixed: treatment2:day_z:thicket2 [GLMM (binomial, blme Cauchy(0,2.5)), Wald z]",Morphology,Tip extension,"GLMM (binomial, blme Cauchy(0,2.5))",fixed: treatment2:day_z:thicket2,Wald z,0.74,NA,NA,2.186 log-odds,+789.9%,"[-3.60, 7.97]",0.459,"fixed: treatment2:day_z:thicket2: OR=8.90 (n.s., blme penalized)",code/12_models.R
"Morphology: Tip extension — fixed: treatment2:day_z:thicket3 [GLMM (binomial, blme Cauchy(0,2.5)), Wald z]",Morphology,Tip extension,"GLMM (binomial, blme Cauchy(0,2.5))",fixed: treatment2:day_z:thicket3,Wald z,-1.32,NA,NA,-3.812 log-odds,-97.8%,"[-9.48, 1.85]",0.187,"fixed: treatment2:day_z:thicket3: OR=0.02 (n.s., blme penalized)",code/12_models.R
"Morphology: Tip extension — fixed: treatment2:thicket2 [GLMM (binomial, blme Cauchy(0,2.5)), Wald z]",Morphology,Tip extension,"GLMM (binomial, blme Cauchy(0,2.5))",fixed: treatment2:thicket2,Wald z,-0.27,NA,NA,-0.623 log-odds,-46.4%,"[-5.09, 3.85]",0.785,"fixed: treatment2:thicket2: OR=0.54 (n.s., blme penalized)",code/12_models.R
"Morphology: Tip extension — fixed: treatment2:thicket3 [GLMM (binomial, blme Cauchy(0,2.5)), Wald z]",Morphology,Tip extension,"GLMM (binomial, blme Cauchy(0,2.5))",fixed: treatment2:thicket3,Wald z,-0.62,NA,NA,-1.391 log-odds,-75.1%,"[-5.78, 2.99]",0.534,"fixed: treatment2:thicket3: OR=0.25 (n.s., blme penalized)",code/12_models.R
"Morphology: Tip extension — thicket [GLMM (binomial, blme Cauchy(0,2.5)), Wald chi-sq]",Morphology,Tip extension,"GLMM (binomial, blme Cauchy(0,2.5))",thicket,Wald chi-sq,1.06,2,NA,NA,NA,NA,0.588,thicket effect on tip_extension (n.s.),code/12_models.R
"Morphology: Tip extension — treatment [GLMM (binomial, blme Cauchy(0,2.5)), Wald chi-sq]",Morphology,Tip extension,"GLMM (binomial, blme Cauchy(0,2.5))",treatment,Wald chi-sq,1.63,1,NA,NA,NA,NA,0.202,treatment effect on tip_extension (n.s.),code/12_models.R
"Morphology: Tip extension — treatment:day_z [GLMM (binomial, blme Cauchy(0,2.5)), Wald chi-sq]",Morphology,Tip extension,"GLMM (binomial, blme Cauchy(0,2.5))",treatment:day_z,Wald chi-sq,0.67,1,NA,NA,NA,NA,0.414,treatment:day_z effect on tip_extension (n.s.),code/12_models.R
"Morphology: Tip extension — treatment:day_z:thicket [GLMM (binomial, blme Cauchy(0,2.5)), Wald chi-sq]",Morphology,Tip extension,"GLMM (binomial, blme Cauchy(0,2.5))",treatment:day_z:thicket,Wald chi-sq,2.15,2,NA,NA,NA,NA,0.342,treatment:day_z:thicket effect on tip_extension (n.s.),code/12_models.R
"Morphology: Tip extension — treatment:thicket [GLMM (binomial, blme Cauchy(0,2.5)), Wald chi-sq]",Morphology,Tip extension,"GLMM (binomial, blme Cauchy(0,2.5))",treatment:thicket,Wald chi-sq,0.45,2,NA,NA,NA,NA,0.798,treatment:thicket effect on tip_extension (n.s.),code/12_models.R
"Morphology: Tip extension — 28C - 31C at day 10 [GLMM contrast (prob scale), delta probability]",Morphology,Tip extension,GLMM contrast (prob scale),28C - 31C at day 10,delta probability,0.22,NA,NA,0.218 probability,+21.8%,NA,0.167,P(28C)=0.26 vs P(31C)=0.04; OR(31vs28)=0.12,code/sensitivity/29_morphology_prob_contrasts.R
"Morphology: Wound smoothed — 28C - 31C at day 10 [GLMM contrast (prob scale), delta probability]",Morphology,Wound smoothed,GLMM contrast (prob scale),28C - 31C at day 10,delta probability,-0.00,NA,NA,-0.000 probability,-0.0%,NA,NA,P(28C)=1.00 vs P(31C)=1.00; OR(31vs28)=NA,code/sensitivity/29_morphology_prob_contrasts.R
"Multivariate: End-of-experiment physiology PCA — loading[color_end] -> PC1 [PCA, PCA loading]",Multivariate,End-of-experiment physiology PCA,PCA,loading[color_end] -> PC1,PCA loading,0.53,NA,NA,0.530 loading,NA,NA,NA,color_end loads 0.53 on PC1,code/15_multivariate.R
"Multivariate: End-of-experiment physiology PCA — loading[color_end] -> PC2 [PCA, PCA loading]",Multivariate,End-of-experiment physiology PCA,PCA,loading[color_end] -> PC2,PCA loading,-0.23,NA,NA,-0.230 loading,NA,NA,NA,color_end loads -0.23 on PC2,code/15_multivariate.R
"Multivariate: End-of-experiment physiology PCA — loading[color_end] -> PC3 [PCA, PCA loading]",Multivariate,End-of-experiment physiology PCA,PCA,loading[color_end] -> PC3,PCA loading,0.23,NA,NA,0.228 loading,NA,NA,NA,color_end loads 0.23 on PC3,code/15_multivariate.R
"Multivariate: End-of-experiment physiology PCA — loading[color_end] -> PC4 [PCA, PCA loading]",Multivariate,End-of-experiment physiology PCA,PCA,loading[color_end] -> PC4,PCA loading,-0.78,NA,NA,-0.784 loading,NA,NA,NA,color_end loads -0.78 on PC4,code/15_multivariate.R
"Multivariate: End-of-experiment physiology PCA — loading[growth_pct] -> PC1 [PCA, PCA loading]",Multivariate,End-of-experiment physiology PCA,PCA,loading[growth_pct] -> PC1,PCA loading,0.41,NA,NA,0.414 loading,NA,NA,NA,growth_pct loads 0.41 on PC1,code/15_multivariate.R
"Multivariate: End-of-experiment physiology PCA — loading[growth_pct] -> PC2 [PCA, PCA loading]",Multivariate,End-of-experiment physiology PCA,PCA,loading[growth_pct] -> PC2,PCA loading,0.91,NA,NA,0.908 loading,NA,NA,NA,growth_pct loads 0.91 on PC2,code/15_multivariate.R
"Multivariate: End-of-experiment physiology PCA — loading[growth_pct] -> PC3 [PCA, PCA loading]",Multivariate,End-of-experiment physiology PCA,PCA,loading[growth_pct] -> PC3,PCA loading,-0.06,NA,NA,-0.061 loading,NA,NA,NA,growth_pct loads -0.06 on PC3,code/15_multivariate.R
"Multivariate: End-of-experiment physiology PCA — loading[growth_pct] -> PC4 [PCA, PCA loading]",Multivariate,End-of-experiment physiology PCA,PCA,loading[growth_pct] -> PC4,PCA loading,-0.00,NA,NA,-0.004 loading,NA,NA,NA,growth_pct loads -0.00 on PC4,code/15_multivariate.R
"Multivariate: End-of-experiment physiology PCA — loading[pam_end] -> PC1 [PCA, PCA loading]",Multivariate,End-of-experiment physiology PCA,PCA,loading[pam_end] -> PC1,PCA loading,0.52,NA,NA,0.518 loading,NA,NA,NA,pam_end loads 0.52 on PC1,code/15_multivariate.R
"Multivariate: End-of-experiment physiology PCA — loading[pam_end] -> PC2 [PCA, PCA loading]",Multivariate,End-of-experiment physiology PCA,PCA,loading[pam_end] -> PC2,PCA loading,-0.29,NA,NA,-0.288 loading,NA,NA,NA,pam_end loads -0.29 on PC2,code/15_multivariate.R
"Multivariate: End-of-experiment physiology PCA — loading[pam_end] -> PC3 [PCA, PCA loading]",Multivariate,End-of-experiment physiology PCA,PCA,loading[pam_end] -> PC3,PCA loading,-0.78,NA,NA,-0.778 loading,NA,NA,NA,pam_end loads -0.78 on PC3,code/15_multivariate.R
"Multivariate: End-of-experiment physiology PCA — loading[pam_end] -> PC4 [PCA, PCA loading]",Multivariate,End-of-experiment physiology PCA,PCA,loading[pam_end] -> PC4,PCA loading,0.21,NA,NA,0.209 loading,NA,NA,NA,pam_end loads 0.21 on PC4,code/15_multivariate.R
"Multivariate: End-of-experiment physiology PCA — loading[zoox_end] -> PC1 [PCA, PCA loading]",Multivariate,End-of-experiment physiology PCA,PCA,loading[zoox_end] -> PC1,PCA loading,0.53,NA,NA,0.528 loading,NA,NA,NA,zoox_end loads 0.53 on PC1,code/15_multivariate.R
"Multivariate: End-of-experiment physiology PCA — loading[zoox_end] -> PC2 [PCA, PCA loading]",Multivariate,End-of-experiment physiology PCA,PCA,loading[zoox_end] -> PC2,PCA loading,-0.20,NA,NA,-0.199 loading,NA,NA,NA,zoox_end loads -0.20 on PC2,code/15_multivariate.R
"Multivariate: End-of-experiment physiology PCA — loading[zoox_end] -> PC3 [PCA, PCA loading]",Multivariate,End-of-experiment physiology PCA,PCA,loading[zoox_end] -> PC3,PCA loading,0.58,NA,NA,0.583 loading,NA,NA,NA,zoox_end loads 0.58 on PC3,code/15_multivariate.R
"Multivariate: End-of-experiment physiology PCA — loading[zoox_end] -> PC4 [PCA, PCA loading]",Multivariate,End-of-experiment physiology PCA,PCA,loading[zoox_end] -> PC4,PCA loading,0.58,NA,NA,0.585 loading,NA,NA,NA,zoox_end loads 0.58 on PC4,code/15_multivariate.R
"Multivariate: Per-genet thermal displacement (PCA) — genet=a [PCA, Euclidean displacement]",Multivariate,Per-genet thermal displacement (PCA),PCA,genet=a,Euclidean displacement,3.71,NA,NA,3.710 PC units,NA,NA,NA,Genet a shifts 3.71 PC-units under heat,code/15_multivariate.R
"Multivariate: Per-genet thermal displacement (PCA) — genet=c [PCA, Euclidean displacement]",Multivariate,Per-genet thermal displacement (PCA),PCA,genet=c,Euclidean displacement,1.02,NA,NA,1.022 PC units,NA,NA,NA,Genet c shifts 1.02 PC-units under heat,code/15_multivariate.R
"Multivariate: Per-genet thermal displacement (PCA) — genet=d [PCA, Euclidean displacement]",Multivariate,Per-genet thermal displacement (PCA),PCA,genet=d,Euclidean displacement,3.38,NA,NA,3.382 PC units,NA,NA,NA,Genet d shifts 3.38 PC-units under heat,code/15_multivariate.R
"Physiology: Buoyant weight growth (%) — percent reduction 31C vs 28C [derived, ratio]",Physiology,Buoyant weight growth (%),derived,percent reduction 31C vs 28C,ratio,-33.92,NA,NA,-33.924 %,-33.9%,NA,NA,31C corals grew 34% less mass than 28C corals,code/05_buoyant_weight.R (raw)
"Physiology: Buoyant weight growth (%) — mean(28C) [raw summary, mean +/- SD]",Physiology,Buoyant weight growth (%),raw summary,mean(28C),mean +/- SD,6.10,NA,24,6.104 %,NA,"[4.41, 7.79]",NA,"28C mean growth = 6.10% (SD 1.69, n=24)",code/05_buoyant_weight.R (raw)
"Physiology: Buoyant weight growth (%) — mean(31C) [raw summary, mean +/- SD]",Physiology,Buoyant weight growth (%),raw summary,mean(31C),mean +/- SD,4.03,NA,24,4.033 %,NA,"[2.89, 5.18]",NA,"31C mean growth = 4.03% (SD 1.15, n=24)",code/05_buoyant_weight.R (raw)
"Physiology: Color (Siebeck D) — R2_conditional [LMM, R-squared]",Physiology,Color (Siebeck D),LMM,R2_conditional,R-squared,0.88,NA,NA,0.883 proportion,NA,NA,NA,R2_conditional = 0.883,code/12_models.R
"Physiology: Color (Siebeck D) — R2_marginal [LMM, R-squared]",Physiology,Color (Siebeck D),LMM,R2_marginal,R-squared,0.72,NA,NA,0.717 proportion,NA,NA,NA,R2_marginal = 0.717,code/12_models.R
"Physiology: Color (Siebeck D) — contrast: 28C - 31C | genet=a | wound=no [LMM, Satterthwaite t]",Physiology,Color (Siebeck D),LMM,contrast: 28C - 31C | genet=a | wound=no,Satterthwaite t,8.55,26,NA,1.834 ,-45.9%,"[1.41, 2.25]",<0.001,"Genet a, unwounded: lower under 31C (-45.9%)",code/12_models.R
"Physiology: Color (Siebeck D) — contrast: 28C - 31C | genet=a | wound=yes [LMM, Satterthwaite t]",Physiology,Color (Siebeck D),LMM,contrast: 28C - 31C | genet=a | wound=yes,Satterthwaite t,8.28,26,NA,1.776 ,-44.4%,"[1.36, 2.20]",<0.001,"Genet a, wounded: lower under 31C (-44.4%)",code/12_models.R
"Physiology: Color (Siebeck D) — contrast: 28C - 31C | genet=c | wound=no [LMM, Satterthwaite t]",Physiology,Color (Siebeck D),LMM,contrast: 28C - 31C | genet=c | wound=no,Satterthwaite t,2.37,26,NA,0.509 ,-12.7%,"[0.09, 0.93]",0.025,"Genet c, unwounded: lower under 31C (-12.7%)",code/12_models.R
"Physiology: Color (Siebeck D) — contrast: 28C - 31C | genet=c | wound=yes [LMM, Satterthwaite t]",Physiology,Color (Siebeck D),LMM,contrast: 28C - 31C | genet=c | wound=yes,Satterthwaite t,0.64,26,NA,0.138 ,-3.5%,"[-0.28, 0.56]",0.525,"Genet c, wounded: no change under 31C (-3.5%)",code/12_models.R
"Physiology: Color (Siebeck D) — contrast: 28C - 31C | genet=d | wound=no [LMM, Satterthwaite t]",Physiology,Color (Siebeck D),LMM,contrast: 28C - 31C | genet=d | wound=no,Satterthwaite t,6.41,26,NA,1.374 ,-37.9%,"[0.95, 1.79]",<0.001,"Genet d, unwounded: lower under 31C (-37.9%)",code/12_models.R
"Physiology: Color (Siebeck D) — contrast: 28C - 31C | genet=d | wound=yes [LMM, Satterthwaite t]",Physiology,Color (Siebeck D),LMM,contrast: 28C - 31C | genet=d | wound=yes,Satterthwaite t,7.66,26,NA,1.642 ,-41.1%,"[1.22, 2.06]",<0.001,"Genet d, wounded: lower under 31C (-41.1%)",code/12_models.R
"Physiology: Color (Siebeck D) — day [LMM, ANOVA F]",Physiology,Color (Siebeck D),LMM,day,ANOVA F,329.87,"1, 228.0",NA,NA,NA,NA,<0.001,day effect on Color (Siebeck D) (significant),code/12_models.R
"Physiology: Color (Siebeck D) — day:thicket [LMM, ANOVA F]",Physiology,Color (Siebeck D),LMM,day:thicket,ANOVA F,36.59,"2, 228.0",NA,NA,NA,NA,<0.001,day:thicket effect on Color (Siebeck D) (significant),code/12_models.R
"Physiology: Color (Siebeck D) — thicket [LMM, ANOVA F]",Physiology,Color (Siebeck D),LMM,thicket,ANOVA F,0.41,"2, 59.1",NA,NA,NA,NA,0.665,thicket effect on Color (Siebeck D) (n.s.),code/12_models.R
"Physiology: Color (Siebeck D) — treatment [LMM, ANOVA F]",Physiology,Color (Siebeck D),LMM,treatment,ANOVA F,0.11,"1, 6.9",NA,NA,NA,NA,0.745,treatment effect on Color (Siebeck D) (n.s.),code/12_models.R
"Physiology: Color (Siebeck D) — treatment:day [LMM, ANOVA F]",Physiology,Color (Siebeck D),LMM,treatment:day,ANOVA F,287.62,"1, 228.0",NA,NA,NA,NA,<0.001,treatment:day effect on Color (Siebeck D) (significant),code/12_models.R
"Physiology: Color (Siebeck D) — treatment:day:thicket [LMM, ANOVA F]",Physiology,Color (Siebeck D),LMM,treatment:day:thicket,ANOVA F,34.37,"2, 228.0",NA,NA,NA,NA,<0.001,treatment:day:thicket effect on Color (Siebeck D) (significant),code/12_models.R
"Physiology: Color (Siebeck D) — treatment:thicket [LMM, ANOVA F]",Physiology,Color (Siebeck D),LMM,treatment:thicket,ANOVA F,0.31,"2, 59.1",NA,NA,NA,NA,0.737,treatment:thicket effect on Color (Siebeck D) (n.s.),code/12_models.R
"Physiology: Color (Siebeck D) — treatment:wound [LMM, ANOVA F]",Physiology,Color (Siebeck D),LMM,treatment:wound,ANOVA F,1.04,"1, 59.1",NA,NA,NA,NA,0.312,treatment:wound effect on Color (Siebeck D) (n.s.),code/12_models.R
"Physiology: Color (Siebeck D) — treatment:wound:day [LMM, ANOVA F]",Physiology,Color (Siebeck D),LMM,treatment:wound:day,ANOVA F,1.79,"1, 228.0",NA,NA,NA,NA,0.182,treatment:wound:day effect on Color (Siebeck D) (n.s.),code/12_models.R
"Physiology: Color (Siebeck D) — treatment:wound:day:thicket [LMM, ANOVA F]",Physiology,Color (Siebeck D),LMM,treatment:wound:day:thicket,ANOVA F,0.89,"2, 228.0",NA,NA,NA,NA,0.412,treatment:wound:day:thicket effect on Color (Siebeck D) (n.s.),code/12_models.R
"Physiology: Color (Siebeck D) — treatment:wound:thicket [LMM, ANOVA F]",Physiology,Color (Siebeck D),LMM,treatment:wound:thicket,ANOVA F,0.20,"2, 59.1",NA,NA,NA,NA,0.818,treatment:wound:thicket effect on Color (Siebeck D) (n.s.),code/12_models.R
"Physiology: Color (Siebeck D) — wound [LMM, ANOVA F]",Physiology,Color (Siebeck D),LMM,wound,ANOVA F,0.02,"1, 59.1",NA,NA,NA,NA,0.892,wound effect on Color (Siebeck D) (n.s.),code/12_models.R
"Physiology: Color (Siebeck D) — wound:day [LMM, ANOVA F]",Physiology,Color (Siebeck D),LMM,wound:day,ANOVA F,4.13,"1, 228.0",NA,NA,NA,NA,0.043,wound:day effect on Color (Siebeck D) (significant),code/12_models.R
"Physiology: Color (Siebeck D) — wound:day:thicket [LMM, ANOVA F]",Physiology,Color (Siebeck D),LMM,wound:day:thicket,ANOVA F,0.39,"2, 228.0",NA,NA,NA,NA,0.681,wound:day:thicket effect on Color (Siebeck D) (n.s.),code/12_models.R
"Physiology: Color (Siebeck D) — wound:thicket [LMM, ANOVA F]",Physiology,Color (Siebeck D),LMM,wound:thicket,ANOVA F,0.14,"2, 59.1",NA,NA,NA,NA,0.866,wound:thicket effect on Color (Siebeck D) (n.s.),code/12_models.R
"Physiology: Color (Siebeck D) — LRT: adding genet x treatment x wound x day [LRT (null vs genet x trt), LRT chi-sq]",Physiology,Color (Siebeck D),LRT (null vs genet x trt),LRT: adding genet x treatment x wound x day,LRT chi-sq,149.76,14,288,-121.763 delta AIC,NA,NA,<0.001,Adding genet x trt improves fit by dAIC=-121.8 (sig),code/13_genet_interaction.R
"Physiology: Color (Siebeck D) — ordinal robustness — day:thicket [CLMM (cumulative-link mixed), LRT chi-sq]",Physiology,Color (Siebeck D) — ordinal robustness,CLMM (cumulative-link mixed),day:thicket,LRT chi-sq,0.85,2,NA,NA,NA,NA,0.653,day:thicket (ordinal CLMM): n.s.,code/12_models.R
"Physiology: Color (Siebeck D) — ordinal robustness — treatment:wound:day [CLMM (cumulative-link mixed), LRT chi-sq]",Physiology,Color (Siebeck D) — ordinal robustness,CLMM (cumulative-link mixed),treatment:wound:day,LRT chi-sq,-0.01,1,NA,NA,NA,NA,1.000,treatment:wound:day (ordinal CLMM): n.s.,code/12_models.R
"Physiology: Color (Siebeck D) — ordinal robustness — treatment:wound:thicket [CLMM (cumulative-link mixed), LRT chi-sq]",Physiology,Color (Siebeck D) — ordinal robustness,CLMM (cumulative-link mixed),treatment:wound:thicket,LRT chi-sq,0.22,2,NA,NA,NA,NA,0.896,treatment:wound:thicket (ordinal CLMM): n.s.,code/12_models.R
"Physiology: Growth (% mass change) — thicket [LM, ANOVA F]",Physiology,Growth (% mass change),LM,thicket,ANOVA F,0.70,"2, 30.0",NA,NA,NA,NA,0.505,thicket effect on Growth (% mass change) (n.s.),code/12_models.R
"Physiology: Growth (% mass change) — treatment [LM, ANOVA F]",Physiology,Growth (% mass change),LM,treatment,ANOVA F,6.27,"1, 6.0",NA,NA,NA,NA,0.046,treatment effect on Growth (% mass change) (significant),code/12_models.R
"Physiology: Growth (% mass change) — treatment:thicket [LM, ANOVA F]",Physiology,Growth (% mass change),LM,treatment:thicket,ANOVA F,3.97,"2, 30.0",NA,NA,NA,NA,0.030,treatment:thicket effect on Growth (% mass change) (significant),code/12_models.R
"Physiology: Growth (% mass change) — treatment:wound [LM, ANOVA F]",Physiology,Growth (% mass change),LM,treatment:wound,ANOVA F,0.01,"1, 30.1",NA,NA,NA,NA,0.908,treatment:wound effect on Growth (% mass change) (n.s.),code/12_models.R
"Physiology: Growth (% mass change) — treatment:wound:thicket [LM, ANOVA F]",Physiology,Growth (% mass change),LM,treatment:wound:thicket,ANOVA F,1.38,"2, 30.1",NA,NA,NA,NA,0.266,treatment:wound:thicket effect on Growth (% mass change) (n.s.),code/12_models.R
"Physiology: Growth (% mass change) — wound [LM, ANOVA F]",Physiology,Growth (% mass change),LM,wound,ANOVA F,0.90,"1, 30.1",NA,NA,NA,NA,0.351,wound effect on Growth (% mass change) (n.s.),code/12_models.R
"Physiology: Growth (% mass change) — wound:thicket [LM, ANOVA F]",Physiology,Growth (% mass change),LM,wound:thicket,ANOVA F,0.25,"2, 30.1",NA,NA,NA,NA,0.778,wound:thicket effect on Growth (% mass change) (n.s.),code/12_models.R
"Physiology: Growth (% mass change) — fixed: thicket1 [LM (coral-level descriptive), t]",Physiology,Growth (% mass change),LM (coral-level descriptive),fixed: thicket1,t,0.86,NA,NA,0.262 % over 15 d,NA,"[-0.35, 0.88]",0.394,fixed: thicket1: est=0.26% (n.s.),code/05_buoyant_weight.R
"Physiology: Growth (% mass change) — fixed: thicket2 [LM (coral-level descriptive), t]",Physiology,Growth (% mass change),LM (coral-level descriptive),fixed: thicket2,t,-0.60,NA,NA,-0.183 % over 15 d,NA,"[-0.80, 0.43]",0.552,fixed: thicket2: est=-0.18% (n.s.),code/05_buoyant_weight.R
"Physiology: Growth (% mass change) — fixed: treatment1 [LM (coral-level descriptive), t]",Physiology,Growth (% mass change),LM (coral-level descriptive),fixed: treatment1,t,4.85,NA,NA,1.043 % over 15 d,NA,"[0.61, 1.48]",<0.001,fixed: treatment1: est=1.04% (sig),code/05_buoyant_weight.R
"Physiology: Growth (% mass change) — fixed: treatment1:wound1 [LM (coral-level descriptive), t]",Physiology,Growth (% mass change),LM (coral-level descriptive),fixed: treatment1:wound1,t,-0.15,NA,NA,-0.033 % over 15 d,NA,"[-0.47, 0.40]",0.879,fixed: treatment1:wound1: est=-0.03% (n.s.),code/05_buoyant_weight.R
"Physiology: Growth (% mass change) — fixed: wound1 [LM (coral-level descriptive), t]",Physiology,Growth (% mass change),LM (coral-level descriptive),fixed: wound1,t,0.74,NA,NA,0.159 % over 15 d,NA,"[-0.28, 0.59]",0.465,fixed: wound1: est=0.16% (n.s.),code/05_buoyant_weight.R
"Physiology: Growth (% mass change) — R2_conditional [LMM, R-squared]",Physiology,Growth (% mass change),LMM,R2_conditional,R-squared,0.70,NA,NA,0.705 proportion,NA,NA,NA,R2_conditional = 0.705,code/12_models.R
"Physiology: Growth (% mass change) — R2_marginal [LMM, R-squared]",Physiology,Growth (% mass change),LMM,R2_marginal,R-squared,0.39,NA,NA,0.385 proportion,NA,NA,NA,R2_marginal = 0.385,code/12_models.R
"Physiology: Growth (% mass change) — contrast: 28C - 31C | genet=a | wound=no [LMM, Satterthwaite t]",Physiology,Growth (% mass change),LMM,contrast: 28C - 31C | genet=a | wound=no,Satterthwaite t,2.08,15,NA,2.213 ,-2.2%,"[0.13, 4.29]",0.054,"Genet a, unwounded: no change under 31C (-2.2%)",code/12_models.R
"Physiology: Growth (% mass change) — contrast: 28C - 31C | genet=a | wound=yes [LMM, Satterthwaite t]",Physiology,Growth (% mass change),LMM,contrast: 28C - 31C | genet=a | wound=yes,Satterthwaite t,2.81,15,NA,2.979 ,-3.0%,"[0.90, 5.06]",0.013,"Genet a, wounded: lower under 31C (-3.0%)",code/12_models.R
"Physiology: Growth (% mass change) — contrast: 28C - 31C | genet=c | wound=no [LMM, Satterthwaite t]",Physiology,Growth (% mass change),LMM,contrast: 28C - 31C | genet=c | wound=no,Satterthwaite t,1.48,14,NA,1.541 ,-1.5%,"[-0.49, 3.58]",0.160,"Genet c, unwounded: no change under 31C (-1.5%)",code/12_models.R
"Physiology: Growth (% mass change) — contrast: 28C - 31C | genet=c | wound=yes [LMM, Satterthwaite t]",Physiology,Growth (% mass change),LMM,contrast: 28C - 31C | genet=c | wound=yes,Satterthwaite t,0.15,17,NA,0.169 ,-0.2%,"[-2.01, 2.34]",0.880,"Genet c, wounded: no change under 31C (-0.2%)",code/12_models.R
"Physiology: Growth (% mass change) — contrast: 28C - 31C | genet=d | wound=no [LMM, Satterthwaite t]",Physiology,Growth (% mass change),LMM,contrast: 28C - 31C | genet=d | wound=no,Satterthwaite t,2.19,15,NA,2.324 ,-2.3%,"[0.24, 4.40]",0.044,"Genet d, unwounded: lower under 31C (-2.3%)",code/12_models.R
"Physiology: Growth (% mass change) — contrast: 28C - 31C | genet=d | wound=yes [LMM, Satterthwaite t]",Physiology,Growth (% mass change),LMM,contrast: 28C - 31C | genet=d | wound=yes,Satterthwaite t,2.96,15,NA,3.141 ,-3.1%,"[1.06, 5.22]",0.010,"Genet d, wounded: lower under 31C (-3.1%)",code/12_models.R
"Physiology: Growth (% mass change) — LRT: adding genet x treatment x wound x day [LRT (null vs genet x trt), LRT chi-sq]",Physiology,Growth (% mass change),LRT (null vs genet x trt),LRT: adding genet x treatment x wound x day,LRT chi-sq,12.29,6,48,-0.288 delta AIC,NA,NA,0.056,Adding genet x trt improves fit by dAIC=-0.3 (n.s.),code/13_genet_interaction.R
"Physiology: Growth (% mass change) — treatment: 28C - 31C [tank-level randomization, tank-level exact permutation]",Physiology,Growth (% mass change),tank-level randomization,treatment: 28C - 31C,tank-level exact permutation,2.07,NA,8,2.071 % over 15 d,NA,NA,0.057,Tank-level heat effect 2.07 pct-points over 15 d (p=0.0571),code/05_buoyant_weight.R
"Physiology: PAM Fv/Fm — R2_conditional [LMM, R-squared]",Physiology,PAM Fv/Fm,LMM,R2_conditional,R-squared,0.76,NA,NA,0.757 proportion,NA,NA,NA,R2_conditional = 0.757,code/12_models.R
"Physiology: PAM Fv/Fm — R2_marginal [LMM, R-squared]",Physiology,PAM Fv/Fm,LMM,R2_marginal,R-squared,0.65,NA,NA,0.646 proportion,NA,NA,NA,R2_marginal = 0.646,code/12_models.R
"Physiology: PAM Fv/Fm — contrast: 28C - 31C | genet=a | wound=no [LMM, Satterthwaite t]",Physiology,PAM Fv/Fm,LMM,contrast: 28C - 31C | genet=a | wound=no,Satterthwaite t,7.61,29,NA,0.131 ,-19.5%,"[0.10, 0.16]",<0.001,"Genet a, unwounded: lower under 31C (-19.5%)",code/12_models.R
"Physiology: PAM Fv/Fm — contrast: 28C - 31C | genet=a | wound=yes [LMM, Satterthwaite t]",Physiology,PAM Fv/Fm,LMM,contrast: 28C - 31C | genet=a | wound=yes,Satterthwaite t,6.15,29,NA,0.106 ,-16.2%,"[0.07, 0.14]",<0.001,"Genet a, wounded: lower under 31C (-16.2%)",code/12_models.R
"Physiology: PAM Fv/Fm — contrast: 28C - 31C | genet=c | wound=no [LMM, Satterthwaite t]",Physiology,PAM Fv/Fm,LMM,contrast: 28C - 31C | genet=c | wound=no,Satterthwaite t,3.01,26,NA,0.050 ,-7.3%,"[0.02, 0.08]",0.006,"Genet c, unwounded: lower under 31C (-7.3%)",code/12_models.R
"Physiology: PAM Fv/Fm — contrast: 28C - 31C | genet=c | wound=yes [LMM, Satterthwaite t]",Physiology,PAM Fv/Fm,LMM,contrast: 28C - 31C | genet=c | wound=yes,Satterthwaite t,0.76,35,NA,0.014 ,-2.0%,"[-0.02, 0.05]",0.450,"Genet c, wounded: no change under 31C (-2.0%)",code/12_models.R
"Physiology: PAM Fv/Fm — contrast: 28C - 31C | genet=d | wound=no [LMM, Satterthwaite t]",Physiology,PAM Fv/Fm,LMM,contrast: 28C - 31C | genet=d | wound=no,Satterthwaite t,6.68,29,NA,0.115 ,-17.2%,"[0.08, 0.15]",<0.001,"Genet d, unwounded: lower under 31C (-17.2%)",code/12_models.R
"Physiology: PAM Fv/Fm — contrast: 28C - 31C | genet=d | wound=yes [LMM, Satterthwaite t]",Physiology,PAM Fv/Fm,LMM,contrast: 28C - 31C | genet=d | wound=yes,Satterthwaite t,6.40,29,NA,0.110 ,-16.5%,"[0.08, 0.14]",<0.001,"Genet d, wounded: lower under 31C (-16.5%)",code/12_models.R
"Physiology: PAM Fv/Fm — day [LMM, ANOVA F]",Physiology,PAM Fv/Fm,LMM,day,ANOVA F,157.07,"1, 228.0",NA,NA,NA,NA,<0.001,day effect on PAM Fv/Fm (significant),code/12_models.R
"Physiology: PAM Fv/Fm — day:thicket [LMM, ANOVA F]",Physiology,PAM Fv/Fm,LMM,day:thicket,ANOVA F,14.02,"2, 228.0",NA,NA,NA,NA,<0.001,day:thicket effect on PAM Fv/Fm (significant),code/12_models.R
"Physiology: PAM Fv/Fm — thicket [LMM, ANOVA F]",Physiology,PAM Fv/Fm,LMM,thicket,ANOVA F,2.49,"2, 141.3",NA,NA,NA,NA,0.087,thicket effect on PAM Fv/Fm (n.s.),code/12_models.R
"Physiology: PAM Fv/Fm — treatment [LMM, ANOVA F]",Physiology,PAM Fv/Fm,LMM,treatment,ANOVA F,0.05,"1, 8.0",NA,NA,NA,NA,0.833,treatment effect on PAM Fv/Fm (n.s.),code/12_models.R
"Physiology: PAM Fv/Fm — treatment:day [LMM, ANOVA F]",Physiology,PAM Fv/Fm,LMM,treatment:day,ANOVA F,111.66,"1, 228.0",NA,NA,NA,NA,<0.001,treatment:day effect on PAM Fv/Fm (significant),code/12_models.R
"Physiology: PAM Fv/Fm — treatment:day:thicket [LMM, ANOVA F]",Physiology,PAM Fv/Fm,LMM,treatment:day:thicket,ANOVA F,16.27,"2, 228.0",NA,NA,NA,NA,<0.001,treatment:day:thicket effect on PAM Fv/Fm (significant),code/12_models.R
"Physiology: PAM Fv/Fm — treatment:thicket [LMM, ANOVA F]",Physiology,PAM Fv/Fm,LMM,treatment:thicket,ANOVA F,1.37,"2, 141.3",NA,NA,NA,NA,0.258,treatment:thicket effect on PAM Fv/Fm (n.s.),code/12_models.R
"Physiology: PAM Fv/Fm — treatment:wound [LMM, ANOVA F]",Physiology,PAM Fv/Fm,LMM,treatment:wound,ANOVA F,0.02,"1, 140.4",NA,NA,NA,NA,0.883,treatment:wound effect on PAM Fv/Fm (n.s.),code/12_models.R
"Physiology: PAM Fv/Fm — treatment:wound:day [LMM, ANOVA F]",Physiology,PAM Fv/Fm,LMM,treatment:wound:day,ANOVA F,1.42,"1, 228.0",NA,NA,NA,NA,0.235,treatment:wound:day effect on PAM Fv/Fm (n.s.),code/12_models.R
"Physiology: PAM Fv/Fm — treatment:wound:day:thicket [LMM, ANOVA F]",Physiology,PAM Fv/Fm,LMM,treatment:wound:day:thicket,ANOVA F,2.37,"2, 228.0",NA,NA,NA,NA,0.096,treatment:wound:day:thicket effect on PAM Fv/Fm (n.s.),code/12_models.R
"Physiology: PAM Fv/Fm — treatment:wound:thicket [LMM, ANOVA F]",Physiology,PAM Fv/Fm,LMM,treatment:wound:thicket,ANOVA F,2.26,"2, 140.5",NA,NA,NA,NA,0.108,treatment:wound:thicket effect on PAM Fv/Fm (n.s.),code/12_models.R
"Physiology: PAM Fv/Fm — wound [LMM, ANOVA F]",Physiology,PAM Fv/Fm,LMM,wound,ANOVA F,0.74,"1, 140.4",NA,NA,NA,NA,0.391,wound effect on PAM Fv/Fm (n.s.),code/12_models.R
"Physiology: PAM Fv/Fm — wound:day [LMM, ANOVA F]",Physiology,PAM Fv/Fm,LMM,wound:day,ANOVA F,2.49,"1, 228.0",NA,NA,NA,NA,0.116,wound:day effect on PAM Fv/Fm (n.s.),code/12_models.R
"Physiology: PAM Fv/Fm — wound:day:thicket [LMM, ANOVA F]",Physiology,PAM Fv/Fm,LMM,wound:day:thicket,ANOVA F,0.63,"2, 228.0",NA,NA,NA,NA,0.535,wound:day:thicket effect on PAM Fv/Fm (n.s.),code/12_models.R
"Physiology: PAM Fv/Fm — wound:thicket [LMM, ANOVA F]",Physiology,PAM Fv/Fm,LMM,wound:thicket,ANOVA F,0.68,"2, 140.5",NA,NA,NA,NA,0.507,wound:thicket effect on PAM Fv/Fm (n.s.),code/12_models.R
"Physiology: PAM Fv/Fm — LRT: adding genet x treatment x wound x day [LRT (null vs genet x trt), LRT chi-sq]",Physiology,PAM Fv/Fm,LRT (null vs genet x trt),LRT: adding genet x treatment x wound x day,LRT chi-sq,78.09,14,288,-50.094 delta AIC,NA,NA,<0.001,Adding genet x trt improves fit by dAIC=-50.1 (sig),code/13_genet_interaction.R
"Physiology: Symbiont density (cells cm-2) — mean(28C, day 1) [raw summary, mean]",Physiology,Symbiont density (cells cm-2),raw summary,"mean(28C, day 1)",mean,1165429.22,NA,24,1165429.220 cells cm-2,NA,NA,NA,"28C, biopsy day 1: 1.17e+06 cells cm-2 (n=24)",code/06_symbiont_chl.R (raw)
"Physiology: Symbiont density (cells cm-2) — mean(28C, day 15) [raw summary, mean]",Physiology,Symbiont density (cells cm-2),raw summary,"mean(28C, day 15)",mean,967415.21,NA,24,967415.211 cells cm-2,NA,NA,NA,"28C, biopsy day 15: 9.67e+05 cells cm-2 (n=24)",code/06_symbiont_chl.R (raw)
"Physiology: Symbiont density (cells cm-2) — mean(31C, day 1) [raw summary, mean]",Physiology,Symbiont density (cells cm-2),raw summary,"mean(31C, day 1)",mean,750659.87,NA,24,750659.869 cells cm-2,NA,NA,NA,"31C, biopsy day 1: 7.51e+05 cells cm-2 (n=24)",code/06_symbiont_chl.R (raw)
"Physiology: Symbiont density (cells cm-2) — mean(31C, day 15) [raw summary, mean]",Physiology,Symbiont density (cells cm-2),raw summary,"mean(31C, day 15)",mean,208909.48,NA,24,208909.480 cells cm-2,NA,NA,NA,"31C, biopsy day 15: 2.09e+05 cells cm-2 (n=24)",code/06_symbiont_chl.R (raw)
"Physiology: growth_sgr — R2_conditional [LMM, R-squared]",Physiology,growth_sgr,LMM,R2_conditional,R-squared,0.71,NA,NA,0.706 proportion,NA,NA,NA,R2_conditional = 0.706,code/12_models.R
"Physiology: growth_sgr — R2_marginal [LMM, R-squared]",Physiology,growth_sgr,LMM,R2_marginal,R-squared,0.38,NA,NA,0.384 proportion,NA,NA,NA,R2_marginal = 0.384,code/12_models.R
"Physiology: growth_sgr — thicket [LMM, ANOVA F]",Physiology,growth_sgr,LMM,thicket,ANOVA F,0.67,"2, 30.0",NA,NA,NA,NA,0.519,thicket effect on growth_sgr (n.s.),code/12_models.R
"Physiology: growth_sgr — treatment [LMM, ANOVA F]",Physiology,growth_sgr,LMM,treatment,ANOVA F,6.25,"1, 6.0",NA,NA,NA,NA,0.046,treatment effect on growth_sgr (significant),code/12_models.R
"Physiology: growth_sgr — treatment:thicket [LMM, ANOVA F]",Physiology,growth_sgr,LMM,treatment:thicket,ANOVA F,3.97,"2, 30.0",NA,NA,NA,NA,0.029,treatment:thicket effect on growth_sgr (significant),code/12_models.R
"Physiology: growth_sgr — treatment:wound [LMM, ANOVA F]",Physiology,growth_sgr,LMM,treatment:wound,ANOVA F,0.01,"1, 30.1",NA,NA,NA,NA,0.907,treatment:wound effect on growth_sgr (n.s.),code/12_models.R
"Physiology: growth_sgr — treatment:wound:thicket [LMM, ANOVA F]",Physiology,growth_sgr,LMM,treatment:wound:thicket,ANOVA F,1.42,"2, 30.1",NA,NA,NA,NA,0.259,treatment:wound:thicket effect on growth_sgr (n.s.),code/12_models.R
"Physiology: growth_sgr — wound [LMM, ANOVA F]",Physiology,growth_sgr,LMM,wound,ANOVA F,0.87,"1, 30.1",NA,NA,NA,NA,0.357,wound effect on growth_sgr (n.s.),code/12_models.R
"Physiology: growth_sgr — wound:thicket [LMM, ANOVA F]",Physiology,growth_sgr,LMM,wound:thicket,ANOVA F,0.25,"2, 30.1",NA,NA,NA,NA,0.784,wound:thicket effect on growth_sgr (n.s.),code/12_models.R
"Physiology: ln symbionts cm-2 — R2_conditional [LMM, R-squared]",Physiology,ln symbionts cm-2,LMM,R2_conditional,R-squared,0.76,NA,NA,0.758 proportion,NA,NA,NA,R2_conditional = 0.758,code/12_models.R
"Physiology: ln symbionts cm-2 — R2_marginal [LMM, R-squared]",Physiology,ln symbionts cm-2,LMM,R2_marginal,R-squared,0.72,NA,NA,0.719 proportion,NA,NA,NA,R2_marginal = 0.719,code/12_models.R
"Physiology: ln symbionts cm-2 — biopsy_day_c [LMM, ANOVA F]",Physiology,ln symbionts cm-2,LMM,biopsy_day_c,ANOVA F,122.66,"1, 162.0",NA,NA,NA,NA,<0.001,biopsy_day_c effect on ln symbionts cm-2 (significant),code/12_models.R
"Physiology: ln symbionts cm-2 — biopsy_day_c:thicket [LMM, ANOVA F]",Physiology,ln symbionts cm-2,LMM,biopsy_day_c:thicket,ANOVA F,8.86,"2, 162.0",NA,NA,NA,NA,<0.001,biopsy_day_c:thicket effect on ln symbionts cm-2 (significant),code/12_models.R
"Physiology: ln symbionts cm-2 — contrast: 28C - 31C | genet=a | wound=no [LMM, Satterthwaite t]",Physiology,ln symbionts cm-2,LMM,contrast: 28C - 31C | genet=a | wound=no,Satterthwaite t,8.71,81,NA,2.636 ,-92.8%,"[2.04, 3.23]",<0.001,"Genet a, unwounded: lower under 31C (-92.8%)",code/12_models.R
"Physiology: ln symbionts cm-2 — contrast: 28C - 31C | genet=a | wound=yes [LMM, Satterthwaite t]",Physiology,ln symbionts cm-2,LMM,contrast: 28C - 31C | genet=a | wound=yes,Satterthwaite t,7.63,81,NA,2.309 ,-90.1%,"[1.72, 2.90]",<0.001,"Genet a, wounded: lower under 31C (-90.1%)",code/12_models.R
"Physiology: ln symbionts cm-2 — contrast: 28C - 31C | genet=c | wound=no [LMM, Satterthwaite t]",Physiology,ln symbionts cm-2,LMM,contrast: 28C - 31C | genet=c | wound=no,Satterthwaite t,3.49,75,NA,1.023 ,-64.1%,"[0.45, 1.60]",<0.001,"Genet c, unwounded: lower under 31C (-64.1%)",code/12_models.R
"Physiology: ln symbionts cm-2 — contrast: 28C - 31C | genet=c | wound=yes [LMM, Satterthwaite t]",Physiology,ln symbionts cm-2,LMM,contrast: 28C - 31C | genet=c | wound=yes,Satterthwaite t,2.52,90,NA,0.798 ,-55.0%,"[0.18, 1.42]",0.013,"Genet c, wounded: lower under 31C (-55.0%)",code/12_models.R
"Physiology: ln symbionts cm-2 — contrast: 28C - 31C | genet=d | wound=no [LMM, Satterthwaite t]",Physiology,ln symbionts cm-2,LMM,contrast: 28C - 31C | genet=d | wound=no,Satterthwaite t,8.45,81,NA,2.558 ,-92.3%,"[1.96, 3.15]",<0.001,"Genet d, unwounded: lower under 31C (-92.3%)",code/12_models.R
"Physiology: ln symbionts cm-2 — contrast: 28C - 31C | genet=d | wound=yes [LMM, Satterthwaite t]",Physiology,ln symbionts cm-2,LMM,contrast: 28C - 31C | genet=d | wound=yes,Satterthwaite t,6.62,81,NA,2.005 ,-86.5%,"[1.41, 2.60]",<0.001,"Genet d, wounded: lower under 31C (-86.5%)",code/12_models.R
"Physiology: ln symbionts cm-2 — thicket [LMM, ANOVA F]",Physiology,ln symbionts cm-2,LMM,thicket,ANOVA F,0.71,"2, 162.0",NA,NA,NA,NA,0.494,thicket effect on ln symbionts cm-2 (n.s.),code/12_models.R
"Physiology: ln symbionts cm-2 — treatment [LMM, ANOVA F]",Physiology,ln symbionts cm-2,LMM,treatment,ANOVA F,3.35,"1, 9.5",NA,NA,NA,NA,0.099,treatment effect on ln symbionts cm-2 (n.s.),code/12_models.R
"Physiology: ln symbionts cm-2 — treatment:biopsy_day_c [LMM, ANOVA F]",Physiology,ln symbionts cm-2,LMM,treatment:biopsy_day_c,ANOVA F,93.97,"1, 162.0",NA,NA,NA,NA,<0.001,treatment:biopsy_day_c effect on ln symbionts cm-2 (significant),code/12_models.R
"Physiology: ln symbionts cm-2 — treatment:biopsy_day_c:thicket [LMM, ANOVA F]",Physiology,ln symbionts cm-2,LMM,treatment:biopsy_day_c:thicket,ANOVA F,6.34,"2, 162.0",NA,NA,NA,NA,0.002,treatment:biopsy_day_c:thicket effect on ln symbionts cm-2 (significant),code/12_models.R
"Physiology: ln symbionts cm-2 — treatment:thicket [LMM, ANOVA F]",Physiology,ln symbionts cm-2,LMM,treatment:thicket,ANOVA F,0.70,"2, 162.0",NA,NA,NA,NA,0.497,treatment:thicket effect on ln symbionts cm-2 (n.s.),code/12_models.R
"Physiology: ln symbionts cm-2 — treatment:wound [LMM, ANOVA F]",Physiology,ln symbionts cm-2,LMM,treatment:wound,ANOVA F,0.35,"1, 162.0",NA,NA,NA,NA,0.556,treatment:wound effect on ln symbionts cm-2 (n.s.),code/12_models.R
"Physiology: ln symbionts cm-2 — treatment:wound:biopsy_day_c [LMM, ANOVA F]",Physiology,ln symbionts cm-2,LMM,treatment:wound:biopsy_day_c,ANOVA F,2.17,"1, 162.1",NA,NA,NA,NA,0.142,treatment:wound:biopsy_day_c effect on ln symbionts cm-2 (n.s.),code/12_models.R
"Physiology: ln symbionts cm-2 — treatment:wound:biopsy_day_c:thicket [LMM, ANOVA F]",Physiology,ln symbionts cm-2,LMM,treatment:wound:biopsy_day_c:thicket,ANOVA F,0.21,"2, 162.1",NA,NA,NA,NA,0.811,treatment:wound:biopsy_day_c:thicket effect on ln symbionts cm-2 (n.s.),code/12_models.R
"Physiology: ln symbionts cm-2 — treatment:wound:thicket [LMM, ANOVA F]",Physiology,ln symbionts cm-2,LMM,treatment:wound:thicket,ANOVA F,0.40,"2, 162.0",NA,NA,NA,NA,0.673,treatment:wound:thicket effect on ln symbionts cm-2 (n.s.),code/12_models.R
"Physiology: ln symbionts cm-2 — wound [LMM, ANOVA F]",Physiology,ln symbionts cm-2,LMM,wound,ANOVA F,0.00,"1, 162.0",NA,NA,NA,NA,0.988,wound effect on ln symbionts cm-2 (n.s.),code/12_models.R
"Physiology: ln symbionts cm-2 — wound:biopsy_day_c [LMM, ANOVA F]",Physiology,ln symbionts cm-2,LMM,wound:biopsy_day_c,ANOVA F,0.52,"1, 162.1",NA,NA,NA,NA,0.471,wound:biopsy_day_c effect on ln symbionts cm-2 (n.s.),code/12_models.R
"Physiology: ln symbionts cm-2 — wound:biopsy_day_c:thicket [LMM, ANOVA F]",Physiology,ln symbionts cm-2,LMM,wound:biopsy_day_c:thicket,ANOVA F,0.14,"2, 162.1",NA,NA,NA,NA,0.873,wound:biopsy_day_c:thicket effect on ln symbionts cm-2 (n.s.),code/12_models.R
"Physiology: ln symbionts cm-2 — wound:thicket [LMM, ANOVA F]",Physiology,ln symbionts cm-2,LMM,wound:thicket,ANOVA F,0.50,"2, 162.0",NA,NA,NA,NA,0.605,wound:thicket effect on ln symbionts cm-2 (n.s.),code/12_models.R
"Physiology: log_zoox — LRT: adding genet x treatment x wound x day [LRT (null vs genet x trt), LRT chi-sq]",Physiology,log_zoox,LRT (null vs genet x trt),LRT: adding genet x treatment x wound x day,LRT chi-sq,64.30,14,192,-36.296 delta AIC,NA,NA,<0.001,Adding genet x trt improves fit by dAIC=-36.3 (sig),code/13_genet_interaction.R
"Survival: Axial polyp formation — HR 31C/28C [genet=a] [Cox PH, Wald z]",Survival,Axial polyp formation,Cox PH,HR 31C/28C [genet=a],Wald z,0.51,1,8,1.440 hazard ratio,+44.0%,"[0.36, 5.83]",0.610,"axial_polyp_formation: no detectable change under 31C (HR=1.44, n.s.)",code/14_morphology_kaplan.R
"Survival: Axial polyp formation — HR 31C/28C [genet=c] [Cox PH, Wald z]",Survival,Axial polyp formation,Cox PH,HR 31C/28C [genet=c],Wald z,0.27,1,8,1.209 hazard ratio,+20.9%,"[0.30, 4.88]",0.789,"axial_polyp_formation: no detectable change under 31C (HR=1.21, n.s.)",code/14_morphology_kaplan.R
"Survival: Axial polyp formation — HR 31C/28C [genet=d] [Cox PH, Wald z]",Survival,Axial polyp formation,Cox PH,HR 31C/28C [genet=d],Wald z,0.55,1,8,1.523 hazard ratio,+52.3%,"[0.34, 6.88]",0.584,"axial_polyp_formation: no detectable change under 31C (HR=1.52, n.s.)",code/14_morphology_kaplan.R
"Survival: Axial polyp formation — HR 31C/28C [overall first-observed approximation (strata=thicket)] [Cox PH, Wald z]",Survival,Axial polyp formation,Cox PH,HR 31C/28C [overall first-observed approximation (strata=thicket)],Wald z,0.76,1,24,1.378 hazard ratio,+37.8%,"[0.60, 3.15]",0.447,"axial_polyp_formation: no detectable change under 31C (HR=1.38, n.s.)",code/14_morphology_kaplan.R
"Survival: Axial polyp formation — LRT: genet main effect [Cox PH, LRT chi-sq]",Survival,Axial polyp formation,Cox PH,LRT: genet main effect,LRT chi-sq,1.13,2,NA,NA,NA,NA,0.567,Genet main effect on axial_polyp_formation healing: n.s.,code/14_morphology_kaplan.R
"Survival: Axial polyp formation — LRT: genet x treatment [Cox PH, LRT chi-sq]",Survival,Axial polyp formation,Cox PH,LRT: genet x treatment,LRT chi-sq,0.02,2,NA,NA,NA,NA,0.989,Genet x treatment on axial_polyp_formation healing: n.s.,code/14_morphology_kaplan.R
"Survival: Axial polyp formation — time ratio 31C/28C [interval-censored Weibull AFT, Wald z]",Survival,Axial polyp formation,interval-censored Weibull AFT,time ratio 31C/28C,Wald z,-0.75,1,24,0.895 time ratio,-10.5%,"[0.67, 1.20]",0.455,"axial_polyp_formation: no detectable timing change at 31C (time ratio=0.89, n.s.). first observed axial polyp / central hole",code/14_morphology_kaplan.R
"Survival: New corallites on tip — HR 31C/28C [genet=a] [Cox PH, Wald z]",Survival,New corallites on tip,Cox PH,HR 31C/28C [genet=a],Wald z,-0.00,1,8,0.000 hazard ratio,-100.0%,"[0.00, Inf]",0.999,"new_corallites_on_tip: no detectable change under 31C (HR=0.00, n.s.)",code/14_morphology_kaplan.R
"Survival: New corallites on tip — HR 31C/28C [genet=c] [Cox PH, Wald z]",Survival,New corallites on tip,Cox PH,HR 31C/28C [genet=c],Wald z,-0.59,1,8,0.637 hazard ratio,-36.3%,"[0.14, 2.85]",0.556,"new_corallites_on_tip: no detectable change under 31C (HR=0.64, n.s.)",code/14_morphology_kaplan.R
"Survival: New corallites on tip — HR 31C/28C [genet=d] [Cox PH, Wald z]",Survival,New corallites on tip,Cox PH,HR 31C/28C [genet=d],Wald z,-1.75,1,8,0.135 hazard ratio,-86.5%,"[0.01, 1.27]",0.080,"new_corallites_on_tip: no detectable change under 31C (HR=0.14, n.s.)",code/14_morphology_kaplan.R
"Survival: New corallites on tip — HR 31C/28C [overall first-observed approximation (strata=thicket)] [Cox PH, Wald z]",Survival,New corallites on tip,Cox PH,HR 31C/28C [overall first-observed approximation (strata=thicket)],Wald z,-2.59,1,24,0.217 hazard ratio,-78.3%,"[0.07, 0.69]",0.009,"new_corallites_on_tip: delayed onset under 31C (HR=0.22, sig)",code/14_morphology_kaplan.R
"Survival: New corallites on tip — LRT: genet main effect [Cox PH, LRT chi-sq]",Survival,New corallites on tip,Cox PH,LRT: genet main effect,LRT chi-sq,1.38,2,NA,NA,NA,NA,0.502,Genet main effect on new_corallites_on_tip healing: n.s.,code/14_morphology_kaplan.R
"Survival: New corallites on tip — LRT: genet x treatment [Cox PH, LRT chi-sq]",Survival,New corallites on tip,Cox PH,LRT: genet x treatment,LRT chi-sq,11.30,2,NA,NA,NA,NA,0.004,Genet x treatment on new_corallites_on_tip healing: sig,code/14_morphology_kaplan.R
"Survival: New corallites on tip — time ratio 31C/28C [interval-censored Weibull AFT, Wald z]",Survival,New corallites on tip,interval-censored Weibull AFT,time ratio 31C/28C,Wald z,5.27,1,24,1.321 time ratio,+32.1%,"[1.19, 1.47]",<0.001,"new_corallites_on_tip: later first expression at 31C (time ratio=1.32, sig). first observed new corallites on tip",code/14_morphology_kaplan.R
"Survival: Pigment over wound — HR 31C/28C [genet=c] [Cox PH, Wald z]",Survival,Pigment over wound,Cox PH,HR 31C/28C [genet=c],Wald z,1.49,1,8,5.463 hazard ratio,+446.4%,"[0.58, 51.33]",0.137,"pigment_over_wound: no detectable change under 31C (HR=5.46, n.s.)",code/14_morphology_kaplan.R
"Survival: Pigment over wound — HR 31C/28C [genet=d] [Cox PH, Wald z]",Survival,Pigment over wound,Cox PH,HR 31C/28C [genet=d],Wald z,-0.00,1,8,0.000 hazard ratio,-100.0%,"[0.00, Inf]",0.999,"pigment_over_wound: no detectable change under 31C (HR=0.00, n.s.)",code/14_morphology_kaplan.R
"Survival: Pigment over wound — HR 31C/28C [overall first-observed approximation (strata=thicket)] [Cox PH, Wald z]",Survival,Pigment over wound,Cox PH,HR 31C/28C [overall first-observed approximation (strata=thicket)],Wald z,0.71,1,24,1.604 hazard ratio,+60.4%,"[0.44, 5.86]",0.475,"pigment_over_wound: no detectable change under 31C (HR=1.60, n.s.)",code/14_morphology_kaplan.R
"Survival: Pigment over wound — LRT: genet main effect [Cox PH, LRT chi-sq]",Survival,Pigment over wound,Cox PH,LRT: genet main effect,LRT chi-sq,1.16,2,NA,NA,NA,NA,0.560,Genet main effect on pigment_over_wound healing: n.s.,code/14_morphology_kaplan.R
"Survival: Pigment over wound — LRT: genet x treatment [Cox PH, LRT chi-sq]",Survival,Pigment over wound,Cox PH,LRT: genet x treatment,LRT chi-sq,13.28,2,NA,NA,NA,NA,0.001,Genet x treatment on pigment_over_wound healing: sig,code/14_morphology_kaplan.R
"Survival: Pigment over wound — tt(treatment) [genet=c (tt log(t+1))] [Cox PH (time-varying), Wald z]",Survival,Pigment over wound,Cox PH (time-varying),tt(treatment) [genet=c (tt log(t+1))],Wald z,1.52,1,8,0.651 log-HR slope vs log(t+1),NA,"[-0.19, 1.49]",0.127,PH-corrected per-genet test (genet=c (tt log(t+1))): n.s. — original per-genet HR was inflated by PH violation. time-varying coefficient on treatment; HR is exp(coef * log(t+1)),code/14_morphology_kaplan.R
"Survival: Pigment over wound — time ratio 31C/28C [interval-censored Weibull AFT, Wald z]",Survival,Pigment over wound,interval-censored Weibull AFT,time ratio 31C/28C,Wald z,-0.33,1,24,0.835 time ratio,-16.5%,"[0.29, 2.43]",0.740,"pigment_over_wound: no detectable timing change at 31C (time ratio=0.83, n.s.). first observed pigment over wound; expression can be non-monotonic",code/14_morphology_kaplan.R
"Survival: Tip exist — HR 31C/28C [genet=a] [Cox PH, Wald z]",Survival,Tip exist,Cox PH,HR 31C/28C [genet=a],Wald z,-1.32,1,8,0.312 hazard ratio,-68.8%,"[0.06, 1.77]",0.188,"tip_exist: no detectable change under 31C (HR=0.31, n.s.)",code/14_morphology_kaplan.R
"Survival: Tip exist — HR 31C/28C [genet=c] [Cox PH, Wald z]",Survival,Tip exist,Cox PH,HR 31C/28C [genet=c],Wald z,0.41,1,8,1.341 hazard ratio,+34.1%,"[0.33, 5.38]",0.679,"tip_exist: no detectable change under 31C (HR=1.34, n.s.)",code/14_morphology_kaplan.R
"Survival: Tip exist — HR 31C/28C [genet=d] [Cox PH, Wald z]",Survival,Tip exist,Cox PH,HR 31C/28C [genet=d],Wald z,-0.75,1,8,0.562 hazard ratio,-43.8%,"[0.12, 2.55]",0.455,"tip_exist: no detectable change under 31C (HR=0.56, n.s.)",code/14_morphology_kaplan.R
"Survival: Tip exist — HR 31C/28C [overall first-observed approximation (strata=thicket)] [Cox PH, Wald z]",Survival,Tip exist,Cox PH,HR 31C/28C [overall first-observed approximation (strata=thicket)],Wald z,-0.90,1,24,0.666 hazard ratio,-33.4%,"[0.28, 1.61]",0.368,"tip_exist: no detectable change under 31C (HR=0.67, n.s.)",code/14_morphology_kaplan.R
"Survival: Tip exist — LRT: genet main effect [Cox PH, LRT chi-sq]",Survival,Tip exist,Cox PH,LRT: genet main effect,LRT chi-sq,3.81,2,NA,NA,NA,NA,0.149,Genet main effect on tip_exist healing: n.s.,code/14_morphology_kaplan.R
"Survival: Tip exist — LRT: genet x treatment [Cox PH, LRT chi-sq]",Survival,Tip exist,Cox PH,LRT: genet x treatment,LRT chi-sq,2.38,2,NA,NA,NA,NA,0.304,Genet x treatment on tip_exist healing: n.s.,code/14_morphology_kaplan.R
"Survival: Tip exist — time ratio 31C/28C [interval-censored Weibull AFT, Wald z]",Survival,Tip exist,interval-censored Weibull AFT,time ratio 31C/28C,Wald z,2.10,1,24,1.118 time ratio,+11.8%,"[1.01, 1.24]",0.035,"tip_exist: later first expression at 31C (time ratio=1.12, sig). first observed visible tip; expression can be non-monotonic",code/14_morphology_kaplan.R
"Survival: Tip extension — HR 31C/28C [genet=a] [Cox PH, Wald z]",Survival,Tip extension,Cox PH,HR 31C/28C [genet=a],Wald z,0.00,1,8,1.000 hazard ratio,+0.0%,"[0.25, 4.00]",1.000,"tip_extension: no detectable change under 31C (HR=1.00, n.s.)",code/14_morphology_kaplan.R
"Survival: Tip extension — HR 31C/28C [genet=c] [Cox PH, Wald z]",Survival,Tip extension,Cox PH,HR 31C/28C [genet=c],Wald z,-0.15,1,8,0.893 hazard ratio,-10.7%,"[0.19, 4.09]",0.884,"tip_extension: no detectable change under 31C (HR=0.89, n.s.)",code/14_morphology_kaplan.R
"Survival: Tip extension — HR 31C/28C [genet=d] [Cox PH, Wald z]",Survival,Tip extension,Cox PH,HR 31C/28C [genet=d],Wald z,-0.75,1,8,0.562 hazard ratio,-43.8%,"[0.12, 2.55]",0.455,"tip_extension: no detectable change under 31C (HR=0.56, n.s.)",code/14_morphology_kaplan.R
"Survival: Tip extension — HR 31C/28C [overall first-observed approximation (strata=thicket)] [Cox PH, Wald z]",Survival,Tip extension,Cox PH,HR 31C/28C [overall first-observed approximation (strata=thicket)],Wald z,-0.51,1,24,0.804 hazard ratio,-19.6%,"[0.34, 1.87]",0.613,"tip_extension: no detectable change under 31C (HR=0.80, n.s.)",code/14_morphology_kaplan.R
"Survival: Tip extension — LRT: genet main effect [Cox PH, LRT chi-sq]",Survival,Tip extension,Cox PH,LRT: genet main effect,LRT chi-sq,3.47,2,NA,NA,NA,NA,0.177,Genet main effect on tip_extension healing: n.s.,code/14_morphology_kaplan.R
"Survival: Tip extension — LRT: genet x treatment [Cox PH, LRT chi-sq]",Survival,Tip extension,Cox PH,LRT: genet x treatment,LRT chi-sq,0.93,2,NA,NA,NA,NA,0.629,Genet x treatment on tip_extension healing: n.s.,code/14_morphology_kaplan.R
"Survival: Tip extension — time ratio 31C/28C [interval-censored Weibull AFT, Wald z]",Survival,Tip extension,interval-censored Weibull AFT,time ratio 31C/28C,Wald z,1.34,1,24,1.164 time ratio,+16.4%,"[0.93, 1.45]",0.180,"tip_extension: no detectable timing change at 31C (time ratio=1.16, n.s.). first observed tip extension; expression can be non-monotonic",code/14_morphology_kaplan.R
"Survival: Wound smoothed — HR 31C/28C [genet=a] [Cox PH, Wald z]",Survival,Wound smoothed,Cox PH,HR 31C/28C [genet=a],Wald z,0.00,1,8,1.000 hazard ratio,+0.0%,"[0.25, 4.00]",1.000,"wound_smoothed: no detectable change under 31C (HR=1.00, n.s.)",code/14_morphology_kaplan.R
"Survival: Wound smoothed — HR 31C/28C [genet=c] [Cox PH, Wald z]",Survival,Wound smoothed,Cox PH,HR 31C/28C [genet=c],Wald z,0.75,1,8,1.781 hazard ratio,+78.1%,"[0.39, 8.09]",0.455,"wound_smoothed: no detectable change under 31C (HR=1.78, n.s.)",code/14_morphology_kaplan.R
"Survival: Wound smoothed — HR 31C/28C [genet=d] [Cox PH, Wald z]",Survival,Wound smoothed,Cox PH,HR 31C/28C [genet=d],Wald z,1.32,1,8,3.202 hazard ratio,+220.2%,"[0.57, 18.14]",0.188,"wound_smoothed: no detectable change under 31C (HR=3.20, n.s.)",code/14_morphology_kaplan.R
"Survival: Wound smoothed — HR 31C/28C [overall first-observed approximation (strata=thicket)] [Cox PH, Wald z]",Survival,Wound smoothed,Cox PH,HR 31C/28C [overall first-observed approximation (strata=thicket)],Wald z,1.15,1,24,1.670 hazard ratio,+67.0%,"[0.69, 4.01]",0.252,"wound_smoothed: no detectable change under 31C (HR=1.67, n.s.)",code/14_morphology_kaplan.R
"Survival: Wound smoothed — LRT: genet main effect [Cox PH, LRT chi-sq]",Survival,Wound smoothed,Cox PH,LRT: genet main effect,LRT chi-sq,0.48,2,NA,NA,NA,NA,0.785,Genet main effect on wound_smoothed healing: n.s.,code/14_morphology_kaplan.R
"Survival: Wound smoothed — LRT: genet x treatment [Cox PH, LRT chi-sq]",Survival,Wound smoothed,Cox PH,LRT: genet x treatment,LRT chi-sq,1.11,2,NA,NA,NA,NA,0.574,Genet x treatment on wound_smoothed healing: n.s.,code/14_morphology_kaplan.R
"Survival: Wound smoothed — time ratio 31C/28C [interval-censored Weibull AFT, Wald z]",Survival,Wound smoothed,interval-censored Weibull AFT,time ratio 31C/28C,Wald z,-2.28,1,24,0.831 time ratio,-16.9%,"[0.71, 0.97]",0.022,"wound_smoothed: earlier first expression at 31C (time ratio=0.83, sig). first observed smoothed wound surface",code/14_morphology_kaplan.R
"Survival diagnostic: Axial polyp formation — proportional-hazards test (treatment) [cox.zph (Schoenfeld), cox.zph chi-sq]",Survival diagnostic,Axial polyp formation,cox.zph (Schoenfeld),proportional-hazards test (treatment),cox.zph chi-sq,0.08,1,24,NA,NA,NA,0.771,PH assumption met (p>=0.05),code/14_morphology_kaplan.R
"Survival diagnostic: New corallites on tip — proportional-hazards test (treatment) [cox.zph (Schoenfeld), cox.zph chi-sq]",Survival diagnostic,New corallites on tip,cox.zph (Schoenfeld),proportional-hazards test (treatment),cox.zph chi-sq,3.56,1,16,NA,NA,NA,0.059,PH assumption met (p>=0.05),code/14_morphology_kaplan.R
"Survival diagnostic: Pigment over wound — proportional-hazards test (treatment) [cox.zph (Schoenfeld), cox.zph chi-sq]",Survival diagnostic,Pigment over wound,cox.zph (Schoenfeld),proportional-hazards test (treatment),cox.zph chi-sq,3.31,1,10,NA,NA,NA,0.069,PH assumption met (p>=0.05),code/14_morphology_kaplan.R
"Survival diagnostic: Tip exist — proportional-hazards test (treatment) [cox.zph (Schoenfeld), cox.zph chi-sq]",Survival diagnostic,Tip exist,cox.zph (Schoenfeld),proportional-hazards test (treatment),cox.zph chi-sq,0.26,1,24,NA,NA,NA,0.613,PH assumption met (p>=0.05),code/14_morphology_kaplan.R
"Survival diagnostic: Tip extension — proportional-hazards test (treatment) [cox.zph (Schoenfeld), cox.zph chi-sq]",Survival diagnostic,Tip extension,cox.zph (Schoenfeld),proportional-hazards test (treatment),cox.zph chi-sq,2.55,1,22,NA,NA,NA,0.110,PH assumption met (p>=0.05),code/14_morphology_kaplan.R
"Survival diagnostic: Wound smoothed — proportional-hazards test (treatment) [cox.zph (Schoenfeld), cox.zph chi-sq]",Survival diagnostic,Wound smoothed,cox.zph (Schoenfeld),proportional-hazards test (treatment),cox.zph chi-sq,0.15,1,24,NA,NA,NA,0.700,PH assumption met (p>=0.05),code/14_morphology_kaplan.R
"Thermal context (external benchmark): A. pulchra acute Fv/Fm ED50 (Cunning et al. 2024, Mahana) — 28 °C below mean ED50 (°C) [CBASS reference, reference value]",Thermal context (external benchmark),"A. pulchra acute Fv/Fm ED50 (Cunning et al. 2024, Mahana)",CBASS reference,28 °C below mean ED50 (°C),reference value,7.41,NA,NA,7.405 °C or count,NA,NA,NA,acute thermal-tolerance benchmark; 31C chronic is sublethal (below acute ED50),code/sensitivity/26_thermal_context.R
"Thermal context (external benchmark): A. pulchra acute Fv/Fm ED50 (Cunning et al. 2024, Mahana) — 31 °C below lowest-genet ED50 (°C) [CBASS reference, reference value]",Thermal context (external benchmark),"A. pulchra acute Fv/Fm ED50 (Cunning et al. 2024, Mahana)",CBASS reference,31 °C below lowest-genet ED50 (°C),reference value,3.39,NA,NA,3.390 °C or count,NA,NA,NA,acute thermal-tolerance benchmark; 31C chronic is sublethal (below acute ED50),code/sensitivity/26_thermal_context.R
"Thermal context (external benchmark): A. pulchra acute Fv/Fm ED50 (Cunning et al. 2024, Mahana) — 31 °C below mean ED50 (°C) [CBASS reference, reference value]",Thermal context (external benchmark),"A. pulchra acute Fv/Fm ED50 (Cunning et al. 2024, Mahana)",CBASS reference,31 °C below mean ED50 (°C),reference value,4.41,NA,NA,4.405 °C or count,NA,NA,NA,acute thermal-tolerance benchmark; 31C chronic is sublethal (below acute ED50),code/sensitivity/26_thermal_context.R
"Thermal context (external benchmark): A. pulchra acute Fv/Fm ED50 (Cunning et al. 2024, Mahana) — acute ED50 CV (%) [CBASS reference, reference value]",Thermal context (external benchmark),"A. pulchra acute Fv/Fm ED50 (Cunning et al. 2024, Mahana)",CBASS reference,acute ED50 CV (%),reference value,1.68,NA,NA,1.677 °C or count,NA,NA,NA,acute thermal-tolerance benchmark; 31C chronic is sublethal (below acute ED50),code/sensitivity/26_thermal_context.R
"Thermal context (external benchmark): A. pulchra acute Fv/Fm ED50 (Cunning et al. 2024, Mahana) — acute ED50 SD (°C) [CBASS reference, reference value]",Thermal context (external benchmark),"A. pulchra acute Fv/Fm ED50 (Cunning et al. 2024, Mahana)",CBASS reference,acute ED50 SD (°C),reference value,0.59,NA,NA,0.594 °C or count,NA,NA,NA,acute thermal-tolerance benchmark; 31C chronic is sublethal (below acute ED50),code/sensitivity/26_thermal_context.R
"Thermal context (external benchmark): A. pulchra acute Fv/Fm ED50 (Cunning et al. 2024, Mahana) — acute ED50 mean (°C) [CBASS reference, reference value]",Thermal context (external benchmark),"A. pulchra acute Fv/Fm ED50 (Cunning et al. 2024, Mahana)",CBASS reference,acute ED50 mean (°C),reference value,35.41,NA,NA,35.405 °C or count,NA,NA,NA,acute thermal-tolerance benchmark; 31C chronic is sublethal (below acute ED50),code/sensitivity/26_thermal_context.R
"Thermal context (external benchmark): A. pulchra acute Fv/Fm ED50 (Cunning et al. 2024, Mahana) — acute ED50 range (°C) [CBASS reference, reference value]",Thermal context (external benchmark),"A. pulchra acute Fv/Fm ED50 (Cunning et al. 2024, Mahana)",CBASS reference,acute ED50 range (°C),reference value,2.20,NA,NA,2.203 °C or count,NA,NA,NA,acute thermal-tolerance benchmark; 31C chronic is sublethal (below acute ED50),code/sensitivity/26_thermal_context.R
"Thermal context (external benchmark): A. pulchra acute Fv/Fm ED50 (Cunning et al. 2024, Mahana) — n genets (Cunning) [CBASS reference, reference value]",Thermal context (external benchmark),"A. pulchra acute Fv/Fm ED50 (Cunning et al. 2024, Mahana)",CBASS reference,n genets (Cunning),reference value,20.00,NA,NA,20.000 °C or count,NA,NA,NA,acute thermal-tolerance benchmark; 31C chronic is sublethal (below acute ED50),code/sensitivity/26_thermal_context.R
"Time-series diagnostic: Color (D-scale) — AR(1) temporal autocorrelation (LRT vs no-corr) [diagnostic, LRT / Wald]",Time-series diagnostic,Color (D-scale),diagnostic,AR(1) temporal autocorrelation (LRT vs no-corr),LRT / Wald,0.00,1,NA,NA,NA,NA,1.000,no significant residual autocorrelation,code/sensitivity/23_timeseries_diagnostics.R
"Time-series diagnostic: Color (D-scale) — nonlinearity of time (quadratic vs linear, LRT) [diagnostic, LRT / Wald]",Time-series diagnostic,Color (D-scale),diagnostic,"nonlinearity of time (quadratic vs linear, LRT)",LRT / Wald,1.23,2,NA,NA,NA,NA,0.540,linear time adequate,code/sensitivity/23_timeseries_diagnostics.R
"Time-series diagnostic: Color (D-scale) — random slope of time by coral (LRT vs intercept-only) [diagnostic, LRT / Wald]",Time-series diagnostic,Color (D-scale),diagnostic,random slope of time by coral (LRT vs intercept-only),LRT / Wald,58.69,2,NA,NA,NA,NA,<0.001,random slope improves fit (individual trajectories differ),code/sensitivity/23_timeseries_diagnostics.R
"Time-series diagnostic: Color (D-scale) — treatment×time robustness to AR(1) [diagnostic, LRT / Wald]",Time-series diagnostic,Color (D-scale),diagnostic,treatment×time robustness to AR(1),LRT / Wald,16.66,NA,NA,NA,NA,NA,<0.001,"treatment×time p: base=2.68e-41, AR(1)=2.68e-41 — conclusion unchanged",code/sensitivity/23_timeseries_diagnostics.R
"Time-series diagnostic: PAM Fv/Fm — AR(1) temporal autocorrelation (LRT vs no-corr) [diagnostic, LRT / Wald]",Time-series diagnostic,PAM Fv/Fm,diagnostic,AR(1) temporal autocorrelation (LRT vs no-corr),LRT / Wald,0.00,1,NA,NA,NA,NA,1.000,no significant residual autocorrelation,code/sensitivity/23_timeseries_diagnostics.R
"Time-series diagnostic: PAM Fv/Fm — nonlinearity of time (quadratic vs linear, LRT) [diagnostic, LRT / Wald]",Time-series diagnostic,PAM Fv/Fm,diagnostic,"nonlinearity of time (quadratic vs linear, LRT)",LRT / Wald,1.73,2,NA,NA,NA,NA,0.420,linear time adequate,code/sensitivity/23_timeseries_diagnostics.R
"Time-series diagnostic: PAM Fv/Fm — random slope of time by coral (LRT vs intercept-only) [diagnostic, LRT / Wald]",Time-series diagnostic,PAM Fv/Fm,diagnostic,random slope of time by coral (LRT vs intercept-only),LRT / Wald,24.85,2,NA,NA,NA,NA,<0.001,random slope improves fit (individual trajectories differ),code/sensitivity/23_timeseries_diagnostics.R
"Time-series diagnostic: PAM Fv/Fm — treatment×time robustness to AR(1) [diagnostic, LRT / Wald]",Time-series diagnostic,PAM Fv/Fm,diagnostic,treatment×time robustness to AR(1),LRT / Wald,10.38,NA,NA,NA,NA,NA,<0.001,"treatment×time p: base=6.38e-21, AR(1)=6.38e-21 — conclusion unchanged",code/sensitivity/23_timeseries_diagnostics.R
"Time-series diagnostic: log symbionts (cross-sectional) — nonlinearity of time (quadratic vs linear, LRT) [diagnostic, LRT / Wald]",Time-series diagnostic,log symbionts (cross-sectional),diagnostic,"nonlinearity of time (quadratic vs linear, LRT)",LRT / Wald,8.70,2,NA,NA,NA,NA,0.013,trajectory is NONLINEAR — linear slope is an approximation,code/sensitivity/23_timeseries_diagnostics.R
"Variance partitioning: Color D-scale (LMM) — ICC[Residual] [ICC, variance fraction]",Variance partitioning,Color D-scale (LMM),ICC,ICC[Residual],variance fraction,0.41,NA,NA,0.414 fraction of variance,NA,NA,NA,Residual: 41.4% of variance,code/sensitivity/27_variance_partitioning.R
"Variance partitioning: Color D-scale (LMM) — ICC[id] [ICC, variance fraction]",Variance partitioning,Color D-scale (LMM),ICC,ICC[id],variance fraction,0.30,NA,NA,0.301 fraction of variance,NA,NA,NA,id: 30.1% of variance,code/sensitivity/27_variance_partitioning.R
"Variance partitioning: Color D-scale (LMM) — ICC[tank] [ICC, variance fraction]",Variance partitioning,Color D-scale (LMM),ICC,ICC[tank],variance fraction,0.28,NA,NA,0.285 fraction of variance,NA,NA,NA,tank: 28.5% of variance,code/sensitivity/27_variance_partitioning.R
"Variance partitioning: PAM Fv/Fm (LMM) — ICC[Residual] [ICC, variance fraction]",Variance partitioning,PAM Fv/Fm (LMM),ICC,ICC[Residual],variance fraction,0.69,NA,NA,0.686 fraction of variance,NA,NA,NA,Residual: 68.6% of variance,code/sensitivity/27_variance_partitioning.R
"Variance partitioning: PAM Fv/Fm (LMM) — ICC[id] [ICC, variance fraction]",Variance partitioning,PAM Fv/Fm (LMM),ICC,ICC[id],variance fraction,0.06,NA,NA,0.063 fraction of variance,NA,NA,NA,id: 6.3% of variance,code/sensitivity/27_variance_partitioning.R
"Variance partitioning: PAM Fv/Fm (LMM) — ICC[tank] [ICC, variance fraction]",Variance partitioning,PAM Fv/Fm (LMM),ICC,ICC[tank],variance fraction,0.25,NA,NA,0.251 fraction of variance,NA,NA,NA,tank: 25.1% of variance,code/sensitivity/27_variance_partitioning.R
"Variance partitioning: log symbionts (LMM) — ICC[Residual] [ICC, variance fraction]",Variance partitioning,log symbionts (LMM),ICC,ICC[Residual],variance fraction,0.86,NA,NA,0.861 fraction of variance,NA,NA,NA,Residual: 86.1% of variance,code/sensitivity/27_variance_partitioning.R
"Variance partitioning: log symbionts (LMM) — ICC[tank] [ICC, variance fraction]",Variance partitioning,log symbionts (LMM),ICC,ICC[tank],variance fraction,0.14,NA,NA,0.139 fraction of variance,NA,NA,NA,tank: 13.9% of variance,code/sensitivity/27_variance_partitioning.R
"Variance partitioning: morph: hole_in_center (GLMM) — ICC[Residual] [ICC, variance fraction]",Variance partitioning,morph: hole_in_center (GLMM),ICC,ICC[Residual],variance fraction,0.60,NA,NA,0.604 fraction of variance,NA,NA,NA,Residual: 60.4% of variance,code/sensitivity/27_variance_partitioning.R
"Variance partitioning: morph: hole_in_center (GLMM) — ICC[tank] [ICC, variance fraction]",Variance partitioning,morph: hole_in_center (GLMM),ICC,ICC[tank],variance fraction,0.40,NA,NA,0.396 fraction of variance,NA,NA,NA,tank: 39.6% of variance,code/sensitivity/27_variance_partitioning.R
"Variance partitioning: morph: new_corallites_on_tip (GLMM) — ICC[Residual] [ICC, variance fraction]",Variance partitioning,morph: new_corallites_on_tip (GLMM),ICC,ICC[Residual],variance fraction,0.00,NA,NA,0.000 fraction of variance,NA,NA,NA,Residual: 0.0% of variance,code/sensitivity/27_variance_partitioning.R
"Variance partitioning: morph: new_corallites_on_tip (GLMM) — ICC[id] [ICC, variance fraction]",Variance partitioning,morph: new_corallites_on_tip (GLMM),ICC,ICC[id],variance fraction,0.38,NA,NA,0.377 fraction of variance,NA,NA,NA,id: 37.7% of variance,code/sensitivity/27_variance_partitioning.R
"Variance partitioning: morph: new_corallites_on_tip (GLMM) — ICC[tank] [ICC, variance fraction]",Variance partitioning,morph: new_corallites_on_tip (GLMM),ICC,ICC[tank],variance fraction,0.62,NA,NA,0.623 fraction of variance,NA,NA,NA,tank: 62.3% of variance,code/sensitivity/27_variance_partitioning.R
"Variance partitioning: morph: pigment_over_wound (GLMM) — ICC[Residual] [ICC, variance fraction]",Variance partitioning,morph: pigment_over_wound (GLMM),ICC,ICC[Residual],variance fraction,0.64,NA,NA,0.639 fraction of variance,NA,NA,NA,Residual: 63.9% of variance,code/sensitivity/27_variance_partitioning.R
"Variance partitioning: morph: pigment_over_wound (GLMM) — ICC[id] [ICC, variance fraction]",Variance partitioning,morph: pigment_over_wound (GLMM),ICC,ICC[id],variance fraction,0.28,NA,NA,0.276 fraction of variance,NA,NA,NA,id: 27.6% of variance,code/sensitivity/27_variance_partitioning.R
"Variance partitioning: morph: pigment_over_wound (GLMM) — ICC[tank] [ICC, variance fraction]",Variance partitioning,morph: pigment_over_wound (GLMM),ICC,ICC[tank],variance fraction,0.09,NA,NA,0.085 fraction of variance,NA,NA,NA,tank: 8.5% of variance,code/sensitivity/27_variance_partitioning.R
"Variance partitioning: morph: polyps_out (GLMM) — ICC[Residual] [ICC, variance fraction]",Variance partitioning,morph: polyps_out (GLMM),ICC,ICC[Residual],variance fraction,0.90,NA,NA,0.902 fraction of variance,NA,NA,NA,Residual: 90.2% of variance,code/sensitivity/27_variance_partitioning.R
"Variance partitioning: morph: polyps_out (GLMM) — ICC[id] [ICC, variance fraction]",Variance partitioning,morph: polyps_out (GLMM),ICC,ICC[id],variance fraction,0.03,NA,NA,0.029 fraction of variance,NA,NA,NA,id: 2.9% of variance,code/sensitivity/27_variance_partitioning.R
"Variance partitioning: morph: polyps_out (GLMM) — ICC[tank] [ICC, variance fraction]",Variance partitioning,morph: polyps_out (GLMM),ICC,ICC[tank],variance fraction,0.07,NA,NA,0.069 fraction of variance,NA,NA,NA,tank: 6.9% of variance,code/sensitivity/27_variance_partitioning.R
"Variance partitioning: morph: tip_exist (GLMM) — ICC[Residual] [ICC, variance fraction]",Variance partitioning,morph: tip_exist (GLMM),ICC,ICC[Residual],variance fraction,0.47,NA,NA,0.470 fraction of variance,NA,NA,NA,Residual: 47.0% of variance,code/sensitivity/27_variance_partitioning.R
"Variance partitioning: morph: tip_exist (GLMM) — ICC[id] [ICC, variance fraction]",Variance partitioning,morph: tip_exist (GLMM),ICC,ICC[id],variance fraction,0.45,NA,NA,0.446 fraction of variance,NA,NA,NA,id: 44.6% of variance,code/sensitivity/27_variance_partitioning.R
"Variance partitioning: morph: tip_exist (GLMM) — ICC[tank] [ICC, variance fraction]",Variance partitioning,morph: tip_exist (GLMM),ICC,ICC[tank],variance fraction,0.08,NA,NA,0.084 fraction of variance,NA,NA,NA,tank: 8.4% of variance,code/sensitivity/27_variance_partitioning.R
"Variance partitioning: morph: tip_extension (GLMM) — ICC[Residual] [ICC, variance fraction]",Variance partitioning,morph: tip_extension (GLMM),ICC,ICC[Residual],variance fraction,0.23,NA,NA,0.226 fraction of variance,NA,NA,NA,Residual: 22.6% of variance,code/sensitivity/27_variance_partitioning.R
"Variance partitioning: morph: tip_extension (GLMM) — ICC[id] [ICC, variance fraction]",Variance partitioning,morph: tip_extension (GLMM),ICC,ICC[id],variance fraction,0.67,NA,NA,0.671 fraction of variance,NA,NA,NA,id: 67.1% of variance,code/sensitivity/27_variance_partitioning.R
"Variance partitioning: morph: tip_extension (GLMM) — ICC[tank] [ICC, variance fraction]",Variance partitioning,morph: tip_extension (GLMM),ICC,ICC[tank],variance fraction,0.10,NA,NA,0.103 fraction of variance,NA,NA,NA,tank: 10.3% of variance,code/sensitivity/27_variance_partitioning.R
"Variance partitioning: morph: wound_smoothed (GLMM) — ICC[Residual] [ICC, variance fraction]",Variance partitioning,morph: wound_smoothed (GLMM),ICC,ICC[Residual],variance fraction,0.87,NA,NA,0.869 fraction of variance,NA,NA,NA,Residual: 86.9% of variance,code/sensitivity/27_variance_partitioning.R
"Variance partitioning: morph: wound_smoothed (GLMM) — ICC[tank] [ICC, variance fraction]",Variance partitioning,morph: wound_smoothed (GLMM),ICC,ICC[tank],variance fraction,0.13,NA,NA,0.132 fraction of variance,NA,NA,NA,tank: 13.2% of variance,code/sensitivity/27_variance_partitioning.R
